building_id,month,excel_mwh,media
B600,2026-01,3932.148399999998,ANGA
B600,2026-02,2431.890599999999,ANGA
B600,2026-03,2244.289100000002,ANGA
B600,2026-04,75.42190000000119,ANGA
B600,2026-05,0.0,ANGA
B600,2026-06,0.0,ANGA
B600,2026-07,0.0,ANGA
B600,2026-08,0.0,ANGA
B600,2026-09,0.0,ANGA
B600,2026-10,0.0,ANGA
B600,2026-11,0.0,ANGA
B600,2026-12,0.0,ANGA
B602,2026-01,0.0,ANGA
B602,2026-02,0.0,ANGA
B602,2026-03,0.0,ANGA
B602,2026-04,0.0,ANGA
B602,2026-05,0.0,ANGA
B602,2026-06,0.0,ANGA
B602,2026-07,0.0,ANGA
B602,2026-08,0.0,ANGA
B602,2026-09,0.0,ANGA
B602,2026-10,0.0,ANGA
B602,2026-11,0.0,ANGA
B602,2026-12,0.0,ANGA
B603,2026-01,0.0,ANGA
B603,2026-02,0.0,ANGA
B603,2026-03,0.0,ANGA
B603,2026-04,0.0,ANGA
B603,2026-05,0.0,ANGA
B603,2026-06,0.0,ANGA
B603,2026-07,0.0,ANGA
B603,2026-08,0.0,ANGA
B603,2026-09,0.0,ANGA
B603,2026-10,0.0,ANGA
B603,2026-11,0.0,ANGA
B603,2026-12,0.0,ANGA
B604,2026-01,0.0,ANGA
B604,2026-02,0.0,ANGA
B604,2026-03,0.0,ANGA
B604,2026-04,0.0,ANGA
B604,2026-05,0.0,ANGA
B604,2026-06,0.0,ANGA
B604,2026-07,0.0,ANGA
B604,2026-08,0.0,ANGA
B604,2026-09,0.0,ANGA
B604,2026-10,0.0,ANGA
B604,2026-11,0.0,ANGA
B604,2026-12,0.0,ANGA
B611,2026-01,1211.8664999999983,ANGA
B611,2026-02,1200.908,ANGA
B611,2026-03,1061.5991000000004,ANGA
B611,2026-04,39.019299999999475,ANGA
B611,2026-05,0.0,ANGA
B611,2026-06,0.0,ANGA
B611,2026-07,0.0,ANGA
B611,2026-08,0.0,ANGA
B611,2026-09,0.0,ANGA
B611,2026-10,0.0,ANGA
B611,2026-11,0.0,ANGA
B611,2026-12,0.0,ANGA
B612,2026-01,777.281,ANGA
B612,2026-02,815.1640000000007,ANGA
B612,2026-03,745.7900000000009,ANGA
B612,2026-04,30.06499999999869,ANGA
B612,2026-05,0.0,ANGA
B612,2026-06,0.0,ANGA
B612,2026-07,0.0,ANGA
B612,2026-08,0.0,ANGA
B612,2026-09,0.0,ANGA
B612,2026-10,0.0,ANGA
B612,2026-11,0.0,ANGA
B612,2026-12,0.0,ANGA
B613,2026-01,0.0,ANGA
B613,2026-02,0.0,ANGA
B613,2026-03,0.0,ANGA
B613,2026-04,0.0,ANGA
B613,2026-05,0.0,ANGA
B613,2026-06,0.0,ANGA
B613,2026-07,0.0,ANGA
B613,2026-08,0.0,ANGA
B613,2026-09,0.0,ANGA
B613,2026-10,0.0,ANGA
B613,2026-11,0.0,ANGA
B613,2026-12,0.0,ANGA
B614,2026-01,711.0849999999984,ANGA
B614,2026-02,677.8089999999997,ANGA
B614,2026-03,613.192000000001,ANGA
B614,2026-04,19.584000000000685,ANGA
B614,2026-05,0.0,ANGA
B614,2026-06,0.0,ANGA
B614,2026-07,0.0,ANGA
B614,2026-08,0.0,ANGA
B614,2026-09,0.0,ANGA
B614,2026-10,0.0,ANGA
B614,2026-11,0.0,ANGA
B614,2026-12,0.0,ANGA
B615,2026-01,0.0,ANGA
B615,2026-02,0.0,ANGA
B615,2026-03,0.0,ANGA
B615,2026-04,0.0,ANGA
B615,2026-05,0.0,ANGA
B615,2026-06,0.0,ANGA
B615,2026-07,0.0,ANGA
B615,2026-08,0.0,ANGA
B615,2026-09,0.0,ANGA
B615,2026-10,0.0,ANGA
B615,2026-11,0.0,ANGA
B615,2026-12,0.0,ANGA
B616,2026-01,0.0,ANGA
B616,2026-02,0.0,ANGA
B616,2026-03,0.0,ANGA
B616,2026-04,0.0,ANGA
B616,2026-05,0.0,ANGA
B616,2026-06,0.0,ANGA
B616,2026-07,0.0,ANGA
B616,2026-08,0.0,ANGA
B616,2026-09,0.0,ANGA
B616,2026-10,0.0,ANGA
B616,2026-11,0.0,ANGA
B616,2026-12,0.0,ANGA
B620,2026-01,0.0,ANGA
B620,2026-02,0.0,ANGA
B620,2026-03,0.0,ANGA
B620,2026-04,0.0,ANGA
B620,2026-05,0.0,ANGA
B620,2026-06,0.0,ANGA
B620,2026-07,0.0,ANGA
B620,2026-08,0.0,ANGA
B620,2026-09,0.0,ANGA
B620,2026-10,0.0,ANGA
B620,2026-11,0.0,ANGA
B620,2026-12,0.0,ANGA
B621,2026-01,961.0679999999993,ANGA
B621,2026-02,943.5070000000014,ANGA
B621,2026-03,839.5859999999993,ANGA
B621,2026-04,27.411000000000058,ANGA
B621,2026-05,0.0,ANGA
B621,2026-06,0.0,ANGA
B621,2026-07,0.0,ANGA
B621,2026-08,0.0,ANGA
B621,2026-09,0.0,ANGA
B621,2026-10,0.0,ANGA
B621,2026-11,0.0,ANGA
B621,2026-12,0.0,ANGA
B622,2026-01,43.18799999999999,ANGA
B622,2026-02,52.573999999999955,ANGA
B622,2026-03,30.184000000000083,ANGA
B622,2026-04,1.2919999999999163,ANGA
B622,2026-05,0.0,ANGA
B622,2026-06,0.0,ANGA
B622,2026-07,0.0,ANGA
B622,2026-08,0.0,ANGA
B622,2026-09,0.0,ANGA
B622,2026-10,0.0,ANGA
B622,2026-11,0.0,ANGA
B622,2026-12,0.0,ANGA
B623,2026-01,0.0,ANGA
B623,2026-02,0.0,ANGA
B623,2026-03,0.0,ANGA
B623,2026-04,0.0,ANGA
B623,2026-05,0.0,ANGA
B623,2026-06,0.0,ANGA
B623,2026-07,0.0,ANGA
B623,2026-08,0.0,ANGA
B623,2026-09,0.0,ANGA
B623,2026-10,0.0,ANGA
B623,2026-11,0.0,ANGA
B623,2026-12,0.0,ANGA
B625,2026-01,0.0,ANGA
B625,2026-02,0.0,ANGA
B625,2026-03,0.0,ANGA
B625,2026-04,0.0,ANGA
B625,2026-05,0.0,ANGA
B625,2026-06,0.0,ANGA
B625,2026-07,0.0,ANGA
B625,2026-08,0.0,ANGA
B625,2026-09,0.0,ANGA
B625,2026-10,0.0,ANGA
B625,2026-11,0.0,ANGA
B625,2026-12,0.0,ANGA
B631,2026-01,0.0,ANGA
B631,2026-02,0.0,ANGA
B631,2026-03,0.0,ANGA
B631,2026-04,0.0,ANGA
B631,2026-05,0.0,ANGA
B631,2026-06,0.0,ANGA
B631,2026-07,0.0,ANGA
B631,2026-08,0.0,ANGA
B631,2026-09,0.0,ANGA
B631,2026-10,0.0,ANGA
B631,2026-11,0.0,ANGA
B631,2026-12,0.0,ANGA
B634,2026-01,0.0,ANGA
B634,2026-02,0.0,ANGA
B634,2026-03,0.0,ANGA
B634,2026-04,0.0,ANGA
B634,2026-05,0.0,ANGA
B634,2026-06,0.0,ANGA
B634,2026-07,0.0,ANGA
B634,2026-08,0.0,ANGA
B634,2026-09,0.0,ANGA
B634,2026-10,0.0,ANGA
B634,2026-11,0.0,ANGA
B634,2026-12,0.0,ANGA
B637,2026-01,0.0,ANGA
B637,2026-02,0.0,ANGA
B637,2026-03,0.0,ANGA
B637,2026-04,0.0,ANGA
B637,2026-05,0.0,ANGA
B637,2026-06,0.0,ANGA
B637,2026-07,0.0,ANGA
B637,2026-08,0.0,ANGA
B637,2026-09,0.0,ANGA
B637,2026-10,0.0,ANGA
B637,2026-11,0.0,ANGA
B637,2026-12,0.0,ANGA
B638,2026-01,0.0,ANGA
B638,2026-02,0.0,ANGA
B638,2026-03,0.0,ANGA
B638,2026-04,0.0,ANGA
B638,2026-05,0.0,ANGA
B638,2026-06,0.0,ANGA
B638,2026-07,0.0,ANGA
B638,2026-08,0.0,ANGA
B638,2026-09,0.0,ANGA
B638,2026-10,0.0,ANGA
B638,2026-11,0.0,ANGA
B638,2026-12,0.0,ANGA
B641,2026-01,0.0,ANGA
B641,2026-02,0.0,ANGA
B641,2026-03,0.0,ANGA
B641,2026-04,0.0,ANGA
B641,2026-05,0.0,ANGA
B641,2026-06,0.0,ANGA
B641,2026-07,0.0,ANGA
B641,2026-08,0.0,ANGA
B641,2026-09,0.0,ANGA
B641,2026-10,0.0,ANGA
B641,2026-11,0.0,ANGA
B641,2026-12,0.0,ANGA
B642,2026-01,89.041,ANGA
B642,2026-02,105.76100000000002,ANGA
B642,2026-03,15.822000000000003,ANGA
B642,2026-04,0.2230000000000132,ANGA
B642,2026-05,0.0,ANGA
B642,2026-06,0.0,ANGA
B642,2026-07,0.0,ANGA
B642,2026-08,0.0,ANGA
B642,2026-09,0.0,ANGA
B642,2026-10,0.0,ANGA
B642,2026-11,0.0,ANGA
B642,2026-12,0.0,ANGA
B643,2026-01,132.05899999999997,ANGA
B643,2026-02,169.00099999999998,ANGA
B643,2026-03,23.076000000000022,ANGA
B643,2026-04,0.7200000000000273,ANGA
B643,2026-05,0.0,ANGA
B643,2026-06,0.0,ANGA
B643,2026-07,0.0,ANGA
B643,2026-08,0.0,ANGA
B643,2026-09,0.0,ANGA
B643,2026-10,0.0,ANGA
B643,2026-11,0.0,ANGA
B643,2026-12,0.0,ANGA
B649,2026-01,0.0,ANGA
B649,2026-02,0.0,ANGA
B649,2026-03,0.0,ANGA
B649,2026-04,0.0,ANGA
B649,2026-05,0.0,ANGA
B649,2026-06,0.0,ANGA
B649,2026-07,0.0,ANGA
B649,2026-08,0.0,ANGA
B649,2026-09,0.0,ANGA
B649,2026-10,0.0,ANGA
B649,2026-11,0.0,ANGA
B649,2026-12,0.0,ANGA
B650,2026-01,0.0,ANGA
B650,2026-02,0.0,ANGA
B650,2026-03,0.0,ANGA
B650,2026-04,0.0,ANGA
B650,2026-05,0.0,ANGA
B650,2026-06,0.0,ANGA
B650,2026-07,0.0,ANGA
B650,2026-08,0.0,ANGA
B650,2026-09,0.0,ANGA
B650,2026-10,0.0,ANGA
B650,2026-11,0.0,ANGA
B650,2026-12,0.0,ANGA
B651,2026-01,0.0,ANGA
B651,2026-02,0.0,ANGA
B651,2026-03,0.0,ANGA
B651,2026-04,0.0,ANGA
B651,2026-05,0.0,ANGA
B651,2026-06,0.0,ANGA
B651,2026-07,0.0,ANGA
B651,2026-08,0.0,ANGA
B651,2026-09,0.0,ANGA
B651,2026-10,0.0,ANGA
B651,2026-11,0.0,ANGA
B651,2026-12,0.0,ANGA
B652,2026-01,0.0,ANGA
B652,2026-02,0.0,ANGA
B652,2026-03,0.0,ANGA
B652,2026-04,0.0,ANGA
B652,2026-05,0.0,ANGA
B652,2026-06,0.0,ANGA
B652,2026-07,0.0,ANGA
B652,2026-08,0.0,ANGA
B652,2026-09,0.0,ANGA
B652,2026-10,0.0,ANGA
B652,2026-11,0.0,ANGA
B652,2026-12,0.0,ANGA
B653,2026-01,0.0,ANGA
B653,2026-02,0.0,ANGA
B653,2026-03,0.0,ANGA
B653,2026-04,0.0,ANGA
B653,2026-05,0.0,ANGA
B653,2026-06,0.0,ANGA
B653,2026-07,0.0,ANGA
B653,2026-08,0.0,ANGA
B653,2026-09,0.0,ANGA
B653,2026-10,0.0,ANGA
B653,2026-11,0.0,ANGA
B653,2026-12,0.0,ANGA
B654,2026-01,0.0,ANGA
B654,2026-02,0.0,ANGA
B654,2026-03,0.0,ANGA
B654,2026-04,0.0,ANGA
B654,2026-05,0.0,ANGA
B654,2026-06,0.0,ANGA
B654,2026-07,0.0,ANGA
B654,2026-08,0.0,ANGA
B654,2026-09,0.0,ANGA
B654,2026-10,0.0,ANGA
B654,2026-11,0.0,ANGA
B654,2026-12,0.0,ANGA
B655,2026-01,0.0,ANGA
B655,2026-02,0.0,ANGA
B655,2026-03,0.0,ANGA
B655,2026-04,0.0,ANGA
B655,2026-05,0.0,ANGA
B655,2026-06,0.0,ANGA
B655,2026-07,0.0,ANGA
B655,2026-08,0.0,ANGA
B655,2026-09,0.0,ANGA
B655,2026-10,0.0,ANGA
B655,2026-11,0.0,ANGA
B655,2026-12,0.0,ANGA
B656,2026-01,0.0,ANGA
B656,2026-02,0.0,ANGA
B656,2026-03,0.0,ANGA
B656,2026-04,0.0,ANGA
B656,2026-05,0.0,ANGA
B656,2026-06,0.0,ANGA
B656,2026-07,0.0,ANGA
B656,2026-08,0.0,ANGA
B656,2026-09,0.0,ANGA
B656,2026-10,0.0,ANGA
B656,2026-11,0.0,ANGA
B656,2026-12,0.0,ANGA
B658,2026-01,0.0,ANGA
B658,2026-02,0.0,ANGA
B658,2026-03,0.0,ANGA
B658,2026-04,0.0,ANGA
B658,2026-05,0.0,ANGA
B658,2026-06,0.0,ANGA
B658,2026-07,0.0,ANGA
B658,2026-08,0.0,ANGA
B658,2026-09,0.0,ANGA
B658,2026-10,0.0,ANGA
B658,2026-11,0.0,ANGA
B658,2026-12,0.0,ANGA
B659,2026-01,0.0,ANGA
B659,2026-02,0.0,ANGA
B659,2026-03,0.0,ANGA
B659,2026-04,0.0,ANGA
B659,2026-05,0.0,ANGA
B659,2026-06,0.0,ANGA
B659,2026-07,0.0,ANGA
B659,2026-08,0.0,ANGA
B659,2026-09,0.0,ANGA
B659,2026-10,0.0,ANGA
B659,2026-11,0.0,ANGA
B659,2026-12,0.0,ANGA
B660,2026-01,0.0,ANGA
B660,2026-02,0.0,ANGA
B660,2026-03,0.0,ANGA
B660,2026-04,0.0,ANGA
B660,2026-05,0.0,ANGA
B660,2026-06,0.0,ANGA
B660,2026-07,0.0,ANGA
B660,2026-08,0.0,ANGA
B660,2026-09,0.0,ANGA
B660,2026-10,0.0,ANGA
B660,2026-11,0.0,ANGA
B660,2026-12,0.0,ANGA
B661,2026-01,0.0,ANGA
B661,2026-02,0.0,ANGA
B661,2026-03,0.0,ANGA
B661,2026-04,0.0,ANGA
B661,2026-05,0.0,ANGA
B661,2026-06,0.0,ANGA
B661,2026-07,0.0,ANGA
B661,2026-08,0.0,ANGA
B661,2026-09,0.0,ANGA
B661,2026-10,0.0,ANGA
B661,2026-11,0.0,ANGA
B661,2026-12,0.0,ANGA
B662,2026-01,0.0,ANGA
B662,2026-02,0.0,ANGA
B662,2026-03,0.0,ANGA
B662,2026-04,0.0,ANGA
B662,2026-05,0.0,ANGA
B662,2026-06,0.0,ANGA
B662,2026-07,0.0,ANGA
B662,2026-08,0.0,ANGA
B662,2026-09,0.0,ANGA
B662,2026-10,0.0,ANGA
B662,2026-11,0.0,ANGA
B662,2026-12,0.0,ANGA
B663,2026-01,0.0,ANGA
B663,2026-02,0.0,ANGA
B663,2026-03,0.0,ANGA
B663,2026-04,0.0,ANGA
B663,2026-05,0.0,ANGA
B663,2026-06,0.0,ANGA
B663,2026-07,0.0,ANGA
B663,2026-08,0.0,ANGA
B663,2026-09,0.0,ANGA
B663,2026-10,0.0,ANGA
B663,2026-11,0.0,ANGA
B663,2026-12,0.0,ANGA
B664,2026-01,0.0,ANGA
B664,2026-02,0.0,ANGA
B664,2026-03,0.0,ANGA
B664,2026-04,0.0,ANGA
B664,2026-05,0.0,ANGA
B664,2026-06,0.0,ANGA
B664,2026-07,0.0,ANGA
B664,2026-08,0.0,ANGA
B664,2026-09,0.0,ANGA
B664,2026-10,0.0,ANGA
B664,2026-11,0.0,ANGA
B664,2026-12,0.0,ANGA
B665,2026-01,0.0,ANGA
B665,2026-02,0.0,ANGA
B665,2026-03,0.0,ANGA
B665,2026-04,0.0,ANGA
B665,2026-05,0.0,ANGA
B665,2026-06,0.0,ANGA
B665,2026-07,0.0,ANGA
B665,2026-08,0.0,ANGA
B665,2026-09,0.0,ANGA
B665,2026-10,0.0,ANGA
B665,2026-11,0.0,ANGA
B665,2026-12,0.0,ANGA
B674,2026-01,0.0,ANGA
B674,2026-02,0.0,ANGA
B674,2026-03,0.0,ANGA
B674,2026-04,0.0,ANGA
B674,2026-05,0.0,ANGA
B674,2026-06,0.0,ANGA
B674,2026-07,0.0,ANGA
B674,2026-08,0.0,ANGA
B674,2026-09,0.0,ANGA
B674,2026-10,0.0,ANGA
B674,2026-11,0.0,ANGA
B674,2026-12,0.0,ANGA
B682,2026-01,0.0,ANGA
B682,2026-02,0.0,ANGA
B682,2026-03,0.0,ANGA
B682,2026-04,0.0,ANGA
B682,2026-05,0.0,ANGA
B682,2026-06,0.0,ANGA
B682,2026-07,0.0,ANGA
B682,2026-08,0.0,ANGA
B682,2026-09,0.0,ANGA
B682,2026-10,0.0,ANGA
B682,2026-11,0.0,ANGA
B682,2026-12,0.0,ANGA
B821,2026-01,45.160999999999945,ANGA
B821,2026-02,44.93100000000004,ANGA
B821,2026-03,29.913999999999987,ANGA
B821,2026-04,1.17999999999995,ANGA
B821,2026-05,0.0,ANGA
B821,2026-06,0.0,ANGA
B821,2026-07,0.0,ANGA
B821,2026-08,0.0,ANGA
B821,2026-09,0.0,ANGA
B821,2026-10,0.0,ANGA
B821,2026-11,0.0,ANGA
B821,2026-12,0.0,ANGA
B833,2026-01,304.42004,ANGA
B833,2026-02,137.48999000000003,ANGA
B833,2026-03,212.41991999999982,ANGA
B833,2026-04,7.489990000000034,ANGA
B833,2026-05,0.0,ANGA
B833,2026-06,0.0,ANGA
B833,2026-07,0.0,ANGA
B833,2026-08,0.0,ANGA
B833,2026-09,0.0,ANGA
B833,2026-10,0.0,ANGA
B833,2026-11,0.0,ANGA
B833,2026-12,0.0,ANGA
B834,2026-01,0.0,ANGA
B834,2026-02,0.0,ANGA
B834,2026-03,0.0,ANGA
B834,2026-04,0.0,ANGA
B834,2026-05,0.0,ANGA
B834,2026-06,0.0,ANGA
B834,2026-07,0.0,ANGA
B834,2026-08,0.0,ANGA
B834,2026-09,0.0,ANGA
B834,2026-10,0.0,ANGA
B834,2026-11,0.0,ANGA
B834,2026-12,0.0,ANGA
B841,2026-01,0.0,ANGA
B841,2026-02,0.0,ANGA
B841,2026-03,0.0,ANGA
B841,2026-04,0.0,ANGA
B841,2026-05,0.0,ANGA
B841,2026-06,0.0,ANGA
B841,2026-07,0.0,ANGA
B841,2026-08,0.0,ANGA
B841,2026-09,0.0,ANGA
B841,2026-10,0.0,ANGA
B841,2026-11,0.0,ANGA
B841,2026-12,0.0,ANGA
B842,2026-01,0.0,ANGA
B842,2026-02,0.0,ANGA
B842,2026-03,0.0,ANGA
B842,2026-04,0.0,ANGA
B842,2026-05,0.0,ANGA
B842,2026-06,0.0,ANGA
B842,2026-07,0.0,ANGA
B842,2026-08,0.0,ANGA
B842,2026-09,0.0,ANGA
B842,2026-10,0.0,ANGA
B842,2026-11,0.0,ANGA
B842,2026-12,0.0,ANGA
B850,2026-01,0.0,ANGA
B850,2026-02,0.0,ANGA
B850,2026-03,0.0,ANGA
B850,2026-04,0.0,ANGA
B850,2026-05,0.0,ANGA
B850,2026-06,0.0,ANGA
B850,2026-07,0.0,ANGA
B850,2026-08,0.0,ANGA
B850,2026-09,0.0,ANGA
B850,2026-10,0.0,ANGA
B850,2026-11,0.0,ANGA
B850,2026-12,0.0,ANGA
B869,2026-01,0.0,ANGA
B869,2026-02,0.0,ANGA
B869,2026-03,0.0,ANGA
B869,2026-04,0.0,ANGA
B869,2026-05,0.0,ANGA
B869,2026-06,0.0,ANGA
B869,2026-07,0.0,ANGA
B869,2026-08,0.0,ANGA
B869,2026-09,0.0,ANGA
B869,2026-10,0.0,ANGA
B869,2026-11,0.0,ANGA
B869,2026-12,0.0,ANGA
B921,2026-01,530.8242200000004,ANGA
B921,2026-02,530.7226599999995,ANGA
B921,2026-03,449.34860000000117,ANGA
B921,2026-04,14.108399999999165,ANGA
B921,2026-05,0.0,ANGA
B921,2026-06,0.0,ANGA
B921,2026-07,0.0,ANGA
B921,2026-08,0.0,ANGA
B921,2026-09,0.0,ANGA
B921,2026-10,0.0,ANGA
B921,2026-11,0.0,ANGA
B921,2026-12,0.0,ANGA
B602,2026-01,614.3140000000021,EL
B602,2026-02,647.8250000000007,EL
B602,2026-03,452.21500000000015,EL
B602,2026-04,11.468999999997324,EL
B602,2026-05,0.0,EL
B602,2026-06,0.0,EL
B602,2026-07,0.0,EL
B602,2026-08,0.0,EL
B602,2026-09,0.0,EL
B602,2026-10,0.0,EL
B602,2026-11,0.0,EL
B602,2026-12,0.0,EL
B603,2026-01,0.0,EL
B603,2026-02,0.0,EL
B603,2026-03,0.0,EL
B603,2026-04,0.0,EL
B603,2026-05,0.0,EL
B603,2026-06,0.0,EL
B603,2026-07,0.0,EL
B603,2026-08,0.0,EL
B603,2026-09,0.0,EL
B603,2026-10,0.0,EL
B603,2026-11,0.0,EL
B603,2026-12,0.0,EL
B604,2026-01,0.0,EL
B604,2026-02,0.0,EL
B604,2026-03,0.0,EL
B604,2026-04,0.0,EL
B604,2026-05,0.0,EL
B604,2026-06,0.0,EL
B604,2026-07,0.0,EL
B604,2026-08,0.0,EL
B604,2026-09,0.0,EL
B604,2026-10,0.0,EL
B604,2026-11,0.0,EL
B604,2026-12,0.0,EL
B611,2026-01,934585.6739659114,EL
B611,2026-02,811288.9243952029,EL
B611,2026-03,879691.6519687499,EL
B611,2026-04,31698.033375000003,EL
B611,2026-05,0.0,EL
B611,2026-06,0.0,EL
B611,2026-07,0.0,EL
B611,2026-08,0.0,EL
B611,2026-09,0.0,EL
B611,2026-10,0.0,EL
B611,2026-11,0.0,EL
B611,2026-12,0.0,EL
B612,2026-01,493402.987,EL
B612,2026-02,447699.951,EL
B612,2026-03,511737.009,EL
B612,2026-04,19079.675000000047,EL
B612,2026-05,0.0,EL
B612,2026-06,0.0,EL
B612,2026-07,0.0,EL
B612,2026-08,0.0,EL
B612,2026-09,0.0,EL
B612,2026-10,0.0,EL
B612,2026-11,0.0,EL
B612,2026-12,0.0,EL
B613,2026-01,11407.236000000034,EL
B613,2026-02,10233.324000000022,EL
B613,2026-03,7347.040999999969,EL
B613,2026-04,236.4889999999432,EL
B613,2026-05,0.0,EL
B613,2026-06,0.0,EL
B613,2026-07,0.0,EL
B613,2026-08,0.0,EL
B613,2026-09,0.0,EL
B613,2026-10,0.0,EL
B613,2026-11,0.0,EL
B613,2026-12,0.0,EL
B614,2026-01,642223.84375,EL
B614,2026-02,630000.09375,EL
B614,2026-03,687718.9375,EL
B614,2026-04,23411.8125,EL
B614,2026-05,0.0,EL
B614,2026-06,0.0,EL
B614,2026-07,0.0,EL
B614,2026-08,0.0,EL
B614,2026-09,0.0,EL
B614,2026-10,0.0,EL
B614,2026-11,0.0,EL
B614,2026-12,0.0,EL
B615,2026-01,4961.604999999982,EL
B615,2026-02,4618.572999999975,EL
B615,2026-03,4757.35400000005,EL
B615,2026-04,157.545999999973,EL
B615,2026-05,0.0,EL
B615,2026-06,0.0,EL
B615,2026-07,0.0,EL
B615,2026-08,0.0,EL
B615,2026-09,0.0,EL
B615,2026-10,0.0,EL
B615,2026-11,0.0,EL
B615,2026-12,0.0,EL
B616,2026-01,555788.827,EL
B616,2026-02,602851.046,EL
B616,2026-03,552787.454,EL
B616,2026-04,20660.311999999998,EL
B616,2026-05,0.0,EL
B616,2026-06,0.0,EL
B616,2026-07,0.0,EL
B616,2026-08,0.0,EL
B616,2026-09,0.0,EL
B616,2026-10,0.0,EL
B616,2026-11,0.0,EL
B616,2026-12,0.0,EL
B620,2026-01,0.0,EL
B620,2026-02,0.0,EL
B620,2026-03,0.0,EL
B620,2026-04,0.0,EL
B620,2026-05,0.0,EL
B620,2026-06,0.0,EL
B620,2026-07,0.0,EL
B620,2026-08,0.0,EL
B620,2026-09,0.0,EL
B620,2026-10,0.0,EL
B620,2026-11,0.0,EL
B620,2026-12,0.0,EL
B621,2026-01,734004.7456874999,EL
B621,2026-02,685726.8260000002,EL
B621,2026-03,741218.1695000001,EL
B621,2026-04,25038.811999999976,EL
B621,2026-05,0.0,EL
B621,2026-06,0.0,EL
B621,2026-07,0.0,EL
B621,2026-08,0.0,EL
B621,2026-09,0.0,EL
B621,2026-10,0.0,EL
B621,2026-11,0.0,EL
B621,2026-12,0.0,EL
B622,2026-01,41144.55900000036,EL
B622,2026-02,37521.71999999974,EL
B622,2026-03,42197.83600000013,EL
B622,2026-04,1418.128000000026,EL
B622,2026-05,0.0,EL
B622,2026-06,0.0,EL
B622,2026-07,0.0,EL
B622,2026-08,0.0,EL
B622,2026-09,0.0,EL
B622,2026-10,0.0,EL
B622,2026-11,0.0,EL
B622,2026-12,0.0,EL
B623,2026-01,0.0,EL
B623,2026-02,0.0,EL
B623,2026-03,0.0,EL
B623,2026-04,0.0,EL
B623,2026-05,0.0,EL
B623,2026-06,0.0,EL
B623,2026-07,0.0,EL
B623,2026-08,0.0,EL
B623,2026-09,0.0,EL
B623,2026-10,0.0,EL
B623,2026-11,0.0,EL
B623,2026-12,0.0,EL
B625,2026-01,150435.0,EL
B625,2026-02,142599.0,EL
B625,2026-03,153777.00000000003,EL
B625,2026-04,5294.000000000001,EL
B625,2026-05,0.0,EL
B625,2026-06,0.0,EL
B625,2026-07,0.0,EL
B625,2026-08,0.0,EL
B625,2026-09,0.0,EL
B625,2026-10,0.0,EL
B625,2026-11,0.0,EL
B625,2026-12,0.0,EL
B631,2026-01,45299.97500000009,EL
B631,2026-02,42461.50699999998,EL
B631,2026-03,45415.51399999997,EL
B631,2026-04,1634.7090000000317,EL
B631,2026-05,0.0,EL
B631,2026-06,0.0,EL
B631,2026-07,0.0,EL
B631,2026-08,0.0,EL
B631,2026-09,0.0,EL
B631,2026-10,0.0,EL
B631,2026-11,0.0,EL
B631,2026-12,0.0,EL
B634,2026-01,79137.87500000001,EL
B634,2026-02,83577.9375,EL
B634,2026-03,87308.625,EL
B634,2026-04,3480.2500000000005,EL
B634,2026-05,0.0,EL
B634,2026-06,0.0,EL
B634,2026-07,0.0,EL
B634,2026-08,0.0,EL
B634,2026-09,0.0,EL
B634,2026-10,0.0,EL
B634,2026-11,0.0,EL
B634,2026-12,0.0,EL
B637,2026-01,2006.9690000000119,EL
B637,2026-02,2370.7300000000105,EL
B637,2026-03,2342.9169999999867,EL
B637,2026-04,86.21199999999953,EL
B637,2026-05,0.0,EL
B637,2026-06,0.0,EL
B637,2026-07,0.0,EL
B637,2026-08,0.0,EL
B637,2026-09,0.0,EL
B637,2026-10,0.0,EL
B637,2026-11,0.0,EL
B637,2026-12,0.0,EL
B638,2026-01,1774.2200000000012,EL
B638,2026-02,1908.4150000000081,EL
B638,2026-03,2121.891999999993,EL
B638,2026-04,76.99400000000605,EL
B638,2026-05,0.0,EL
B638,2026-06,0.0,EL
B638,2026-07,0.0,EL
B638,2026-08,0.0,EL
B638,2026-09,0.0,EL
B638,2026-10,0.0,EL
B638,2026-11,0.0,EL
B638,2026-12,0.0,EL
B641,2026-01,46179.155999999966,EL
B641,2026-02,40968.168999999994,EL
B641,2026-03,42929.92200000002,EL
B641,2026-04,1414.9270000000251,EL
B641,2026-05,0.0,EL
B641,2026-06,0.0,EL
B641,2026-07,0.0,EL
B641,2026-08,0.0,EL
B641,2026-09,0.0,EL
B641,2026-10,0.0,EL
B641,2026-11,0.0,EL
B641,2026-12,0.0,EL
B642,2026-01,136241.00200000033,EL
B642,2026-02,114170.57800000161,EL
B642,2026-03,125591.8200000003,EL
B642,2026-04,3931.609999999404,EL
B642,2026-05,0.0,EL
B642,2026-06,0.0,EL
B642,2026-07,0.0,EL
B642,2026-08,0.0,EL
B642,2026-09,0.0,EL
B642,2026-10,0.0,EL
B642,2026-11,0.0,EL
B642,2026-12,0.0,EL
B643,2026-01,149175.24799999967,EL
B643,2026-02,138952.1719999984,EL
B643,2026-03,150649.9299999997,EL
B643,2026-04,4962.890000000596,EL
B643,2026-05,0.0,EL
B643,2026-06,0.0,EL
B643,2026-07,0.0,EL
B643,2026-08,0.0,EL
B643,2026-09,0.0,EL
B643,2026-10,0.0,EL
B643,2026-11,0.0,EL
B643,2026-12,0.0,EL
B649,2026-01,9257.125,EL
B649,2026-02,9297.36499999999,EL
B649,2026-03,8399.372000000003,EL
B649,2026-04,227.07399999999325,EL
B649,2026-05,0.0,EL
B649,2026-06,0.0,EL
B649,2026-07,0.0,EL
B649,2026-08,0.0,EL
B649,2026-09,0.0,EL
B649,2026-10,0.0,EL
B649,2026-11,0.0,EL
B649,2026-12,0.0,EL
B650,2026-01,150368.69140625,EL
B650,2026-02,162330.04125,EL
B650,2026-03,182049.28425,EL
B650,2026-04,6259.488500000007,EL
B650,2026-05,0.0,EL
B650,2026-06,0.0,EL
B650,2026-07,0.0,EL
B650,2026-08,0.0,EL
B650,2026-09,0.0,EL
B650,2026-10,0.0,EL
B650,2026-11,0.0,EL
B650,2026-12,0.0,EL
B651,2026-01,25575.168000000067,EL
B651,2026-02,31536.21900000004,EL
B651,2026-03,23249.774999999907,EL
B651,2026-04,704.0749999999534,EL
B651,2026-05,0.0,EL
B651,2026-06,0.0,EL
B651,2026-07,0.0,EL
B651,2026-08,0.0,EL
B651,2026-09,0.0,EL
B651,2026-10,0.0,EL
B651,2026-11,0.0,EL
B651,2026-12,0.0,EL
B652,2026-01,21179.03000000004,EL
B652,2026-02,20500.006000000005,EL
B652,2026-03,14617.61299999998,EL
B652,2026-04,468.3539999999776,EL
B652,2026-05,0.0,EL
B652,2026-06,0.0,EL
B652,2026-07,0.0,EL
B652,2026-08,0.0,EL
B652,2026-09,0.0,EL
B652,2026-10,0.0,EL
B652,2026-11,0.0,EL
B652,2026-12,0.0,EL
B653,2026-01,362349.551,EL
B653,2026-02,370006.69700000004,EL
B653,2026-03,341301.9615,EL
B653,2026-04,9642.157000000007,EL
B653,2026-05,0.0,EL
B653,2026-06,0.0,EL
B653,2026-07,0.0,EL
B653,2026-08,0.0,EL
B653,2026-09,0.0,EL
B653,2026-10,0.0,EL
B653,2026-11,0.0,EL
B653,2026-12,0.0,EL
B654,2026-01,288836.75,EL
B654,2026-02,115446.75000000001,EL
B654,2026-03,96517.75,EL
B654,2026-04,3491.5000000000005,EL
B654,2026-05,0.0,EL
B654,2026-06,0.0,EL
B654,2026-07,0.0,EL
B654,2026-08,0.0,EL
B654,2026-09,0.0,EL
B654,2026-10,0.0,EL
B654,2026-11,0.0,EL
B654,2026-12,0.0,EL
B655,2026-01,5637.88400000002,EL
B655,2026-02,6888.054999999993,EL
B655,2026-03,6075.645000000019,EL
B655,2026-04,171.58099999994738,EL
B655,2026-05,0.0,EL
B655,2026-06,0.0,EL
B655,2026-07,0.0,EL
B655,2026-08,0.0,EL
B655,2026-09,0.0,EL
B655,2026-10,0.0,EL
B655,2026-11,0.0,EL
B655,2026-12,0.0,EL
B656,2026-01,0.0,EL
B656,2026-02,0.0,EL
B656,2026-03,0.0,EL
B656,2026-04,0.0,EL
B656,2026-05,0.0,EL
B656,2026-06,0.0,EL
B656,2026-07,0.0,EL
B656,2026-08,0.0,EL
B656,2026-09,0.0,EL
B656,2026-10,0.0,EL
B656,2026-11,0.0,EL
B656,2026-12,0.0,EL
B658,2026-01,27619.506999999983,EL
B658,2026-02,24576.77499999991,EL
B658,2026-03,26356.722999999998,EL
B658,2026-04,973.9070000001229,EL
B658,2026-05,0.0,EL
B658,2026-06,0.0,EL
B658,2026-07,0.0,EL
B658,2026-08,0.0,EL
B658,2026-09,0.0,EL
B658,2026-10,0.0,EL
B658,2026-11,0.0,EL
B658,2026-12,0.0,EL
B659,2026-01,142804.3910000003,EL
B659,2026-02,119431.02699999977,EL
B659,2026-03,120369.5580000002,EL
B659,2026-04,3409.2719999998812,EL
B659,2026-05,0.0,EL
B659,2026-06,0.0,EL
B659,2026-07,0.0,EL
B659,2026-08,0.0,EL
B659,2026-09,0.0,EL
B659,2026-10,0.0,EL
B659,2026-11,0.0,EL
B659,2026-12,0.0,EL
B660,2026-01,7016098.5625,EL
B660,2026-02,6455431.551940918,EL
B660,2026-03,6478184.0,EL
B660,2026-04,208572.5,EL
B660,2026-05,0.0,EL
B660,2026-06,0.0,EL
B660,2026-07,0.0,EL
B660,2026-08,0.0,EL
B660,2026-09,0.0,EL
B660,2026-10,0.0,EL
B660,2026-11,0.0,EL
B660,2026-12,0.0,EL
B661,2026-01,79741.375,EL
B661,2026-02,139002.75,EL
B661,2026-03,222049.18750000003,EL
B661,2026-04,8048.937500000001,EL
B661,2026-05,0.0,EL
B661,2026-06,0.0,EL
B661,2026-07,0.0,EL
B661,2026-08,0.0,EL
B661,2026-09,0.0,EL
B661,2026-10,0.0,EL
B661,2026-11,0.0,EL
B661,2026-12,0.0,EL
B662,2026-01,0.0,EL
B662,2026-02,0.0,EL
B662,2026-03,0.0,EL
B662,2026-04,0.0,EL
B662,2026-05,0.0,EL
B662,2026-06,0.0,EL
B662,2026-07,0.0,EL
B662,2026-08,0.0,EL
B662,2026-09,0.0,EL
B662,2026-10,0.0,EL
B662,2026-11,0.0,EL
B662,2026-12,0.0,EL
B663,2026-01,0.0,EL
B663,2026-02,0.0,EL
B663,2026-03,0.0,EL
B663,2026-04,0.0,EL
B663,2026-05,0.0,EL
B663,2026-06,0.0,EL
B663,2026-07,0.0,EL
B663,2026-08,0.0,EL
B663,2026-09,0.0,EL
B663,2026-10,0.0,EL
B663,2026-11,0.0,EL
B663,2026-12,0.0,EL
B664,2026-01,0.0,EL
B664,2026-02,0.0,EL
B664,2026-03,0.0,EL
B664,2026-04,0.0,EL
B664,2026-05,0.0,EL
B664,2026-06,0.0,EL
B664,2026-07,0.0,EL
B664,2026-08,0.0,EL
B664,2026-09,0.0,EL
B664,2026-10,0.0,EL
B664,2026-11,0.0,EL
B664,2026-12,0.0,EL
B665,2026-01,16113.15625,EL
B665,2026-02,14442.625,EL
B665,2026-03,9917.1875,EL
B665,2026-04,358.59375,EL
B665,2026-05,0.0,EL
B665,2026-06,0.0,EL
B665,2026-07,0.0,EL
B665,2026-08,0.0,EL
B665,2026-09,0.0,EL
B665,2026-10,0.0,EL
B665,2026-11,0.0,EL
B665,2026-12,0.0,EL
B674,2026-01,70850.00000000001,EL
B674,2026-02,65687.0,EL
B674,2026-03,35171.5,EL
B674,2026-04,779.5,EL
B674,2026-05,0.0,EL
B674,2026-06,0.0,EL
B674,2026-07,0.0,EL
B674,2026-08,0.0,EL
B674,2026-09,0.0,EL
B674,2026-10,0.0,EL
B674,2026-11,0.0,EL
B674,2026-12,0.0,EL
B682,2026-01,0.0,EL
B682,2026-02,0.0,EL
B682,2026-03,0.0,EL
B682,2026-04,0.0,EL
B682,2026-05,0.0,EL
B682,2026-06,0.0,EL
B682,2026-07,0.0,EL
B682,2026-08,0.0,EL
B682,2026-09,0.0,EL
B682,2026-10,0.0,EL
B682,2026-11,0.0,EL
B682,2026-12,0.0,EL
B821,2026-01,89443.72299999995,EL
B821,2026-02,88854.19200000001,EL
B821,2026-03,92233.20299999995,EL
B821,2026-04,3044.6620000000985,EL
B821,2026-05,0.0,EL
B821,2026-06,0.0,EL
B821,2026-07,0.0,EL
B821,2026-08,0.0,EL
B821,2026-09,0.0,EL
B821,2026-10,0.0,EL
B821,2026-11,0.0,EL
B821,2026-12,0.0,EL
B833,2026-01,309463.2310000002,EL
B833,2026-02,206103.7799999998,EL
B833,2026-03,264741.19700000016,EL
B833,2026-04,8876.43299999996,EL
B833,2026-05,0.0,EL
B833,2026-06,0.0,EL
B833,2026-07,0.0,EL
B833,2026-08,0.0,EL
B833,2026-09,0.0,EL
B833,2026-10,0.0,EL
B833,2026-11,0.0,EL
B833,2026-12,0.0,EL
B834,2026-01,8735.268999999855,EL
B834,2026-02,14190.720000000205,EL
B834,2026-03,19487.30299999984,EL
B834,2026-04,664.0670000000391,EL
B834,2026-05,0.0,EL
B834,2026-06,0.0,EL
B834,2026-07,0.0,EL
B834,2026-08,0.0,EL
B834,2026-09,0.0,EL
B834,2026-10,0.0,EL
B834,2026-11,0.0,EL
B834,2026-12,0.0,EL
B835,2026-01,3089.1010000000024,EL
B835,2026-02,3185.432000000001,EL
B835,2026-03,2585.0190000000002,EL
B835,2026-04,87.18800000000192,EL
B835,2026-05,0.0,EL
B835,2026-06,0.0,EL
B835,2026-07,0.0,EL
B835,2026-08,0.0,EL
B835,2026-09,0.0,EL
B835,2026-10,0.0,EL
B835,2026-11,0.0,EL
B835,2026-12,0.0,EL
B841,2026-01,60734.0,EL
B841,2026-02,55818.0,EL
B841,2026-03,44088.75,EL
B841,2026-04,1374.7500000000002,EL
B841,2026-05,0.0,EL
B841,2026-06,0.0,EL
B841,2026-07,0.0,EL
B841,2026-08,0.0,EL
B841,2026-09,0.0,EL
B841,2026-10,0.0,EL
B841,2026-11,0.0,EL
B841,2026-12,0.0,EL
B842,2026-01,0.0,EL
B842,2026-02,0.0,EL
B842,2026-03,0.0,EL
B842,2026-04,0.0,EL
B842,2026-05,0.0,EL
B842,2026-06,0.0,EL
B842,2026-07,0.0,EL
B842,2026-08,0.0,EL
B842,2026-09,0.0,EL
B842,2026-10,0.0,EL
B842,2026-11,0.0,EL
B842,2026-12,0.0,EL
B850,2026-01,0.0,EL
B850,2026-02,0.0,EL
B850,2026-03,0.0,EL
B850,2026-04,0.0,EL
B850,2026-05,0.0,EL
B850,2026-06,0.0,EL
B850,2026-07,0.0,EL
B850,2026-08,0.0,EL
B850,2026-09,0.0,EL
B850,2026-10,0.0,EL
B850,2026-11,0.0,EL
B850,2026-12,0.0,EL
B869,2026-01,73856.27700000006,EL
B869,2026-02,71636.30799999999,EL
B869,2026-03,59886.29700000006,EL
B869,2026-04,1823.8379999999015,EL
B869,2026-05,0.0,EL
B869,2026-06,0.0,EL
B869,2026-07,0.0,EL
B869,2026-08,0.0,EL
B869,2026-09,0.0,EL
B869,2026-10,0.0,EL
B869,2026-11,0.0,EL
B869,2026-12,0.0,EL
B921,2026-01,588699.0000000001,EL
B921,2026-02,573120.0,EL
B921,2026-03,612317.0,EL
B921,2026-04,20554.000000000004,EL
B921,2026-05,0.0,EL
B921,2026-06,0.0,EL
B921,2026-07,0.0,EL
B921,2026-08,0.0,EL
B921,2026-09,0.0,EL
B921,2026-10,0.0,EL
B921,2026-11,0.0,EL
B921,2026-12,0.0,EL
B951,2026-01,0.0,EL
B951,2026-02,0.0,EL
B951,2026-03,0.0,EL
B951,2026-04,0.0,EL
B951,2026-05,0.0,EL
B951,2026-06,0.0,EL
B951,2026-07,0.0,EL
B951,2026-08,0.0,EL
B951,2026-09,0.0,EL
B951,2026-10,0.0,EL
B951,2026-11,0.0,EL
B951,2026-12,0.0,EL
BPARKING,2026-01,9398.324000000022,EL
BPARKING,2026-02,9885.927999999985,EL
BPARKING,2026-03,9255.976000000026,EL
BPARKING,2026-04,427.3429999999935,EL
BPARKING,2026-05,0.0,EL
BPARKING,2026-06,0.0,EL
BPARKING,2026-07,0.0,EL
BPARKING,2026-08,0.0,EL
BPARKING,2026-09,0.0,EL
BPARKING,2026-10,0.0,EL
BPARKING,2026-11,0.0,EL
BPARKING,2026-12,0.0,EL
B600,2026-01,21393.33619999999,KALLVATTEN
B600,2026-02,21072.639999999985,KALLVATTEN
B600,2026-03,26701.01599999999,KALLVATTEN
B600,2026-04,498.87499999998545,KALLVATTEN
B600,2026-05,0.0,KALLVATTEN
B600,2026-06,0.0,KALLVATTEN
B600,2026-07,0.0,KALLVATTEN
B600,2026-08,0.0,KALLVATTEN
B600,2026-09,0.0,KALLVATTEN
B600,2026-10,0.0,KALLVATTEN
B600,2026-11,0.0,KALLVATTEN
B600,2026-12,0.0,KALLVATTEN
B602,2026-01,0.0,KALLVATTEN
B602,2026-02,0.0,KALLVATTEN
B602,2026-03,0.0,KALLVATTEN
B602,2026-04,0.0,KALLVATTEN
B602,2026-05,0.0,KALLVATTEN
B602,2026-06,0.0,KALLVATTEN
B602,2026-07,0.0,KALLVATTEN
B602,2026-08,0.0,KALLVATTEN
B602,2026-09,0.0,KALLVATTEN
B602,2026-10,0.0,KALLVATTEN
B602,2026-11,0.0,KALLVATTEN
B602,2026-12,0.0,KALLVATTEN
B603,2026-01,0.0,KALLVATTEN
B603,2026-02,0.0,KALLVATTEN
B603,2026-03,0.0,KALLVATTEN
B603,2026-04,0.0,KALLVATTEN
B603,2026-05,0.0,KALLVATTEN
B603,2026-06,0.0,KALLVATTEN
B603,2026-07,0.0,KALLVATTEN
B603,2026-08,0.0,KALLVATTEN
B603,2026-09,0.0,KALLVATTEN
B603,2026-10,0.0,KALLVATTEN
B603,2026-11,0.0,KALLVATTEN
B603,2026-12,0.0,KALLVATTEN
B604,2026-01,0.0,KALLVATTEN
B604,2026-02,0.0,KALLVATTEN
B604,2026-03,0.0,KALLVATTEN
B604,2026-04,0.0,KALLVATTEN
B604,2026-05,0.0,KALLVATTEN
B604,2026-06,0.0,KALLVATTEN
B604,2026-07,0.0,KALLVATTEN
B604,2026-08,0.0,KALLVATTEN
B604,2026-09,0.0,KALLVATTEN
B604,2026-10,0.0,KALLVATTEN
B604,2026-11,0.0,KALLVATTEN
B604,2026-12,0.0,KALLVATTEN
B611,2026-01,1154.3444979999995,KALLVATTEN
B611,2026-02,1337.6888489999983,KALLVATTEN
B611,2026-03,1494.7935749999979,KALLVATTEN
B611,2026-04,43.39836300000104,KALLVATTEN
B611,2026-05,0.0,KALLVATTEN
B611,2026-06,0.0,KALLVATTEN
B611,2026-07,0.0,KALLVATTEN
B611,2026-08,0.0,KALLVATTEN
B611,2026-09,0.0,KALLVATTEN
B611,2026-10,0.0,KALLVATTEN
B611,2026-11,0.0,KALLVATTEN
B611,2026-12,0.0,KALLVATTEN
B612,2026-01,990.891691999998,KALLVATTEN
B612,2026-02,1005.3275399999995,KALLVATTEN
B612,2026-03,1129.407411000001,KALLVATTEN
B612,2026-04,33.74604300000078,KALLVATTEN
B612,2026-05,0.0,KALLVATTEN
B612,2026-06,0.0,KALLVATTEN
B612,2026-07,0.0,KALLVATTEN
B612,2026-08,0.0,KALLVATTEN
B612,2026-09,0.0,KALLVATTEN
B612,2026-10,0.0,KALLVATTEN
B612,2026-11,0.0,KALLVATTEN
B612,2026-12,0.0,KALLVATTEN
B613,2026-01,19.522736000001373,KALLVATTEN
B613,2026-02,19.10476799999958,KALLVATTEN
B613,2026-03,20.35070599999915,KALLVATTEN
B613,2026-04,0.6459060000012187,KALLVATTEN
B613,2026-05,0.0,KALLVATTEN
B613,2026-06,0.0,KALLVATTEN
B613,2026-07,0.0,KALLVATTEN
B613,2026-08,0.0,KALLVATTEN
B613,2026-09,0.0,KALLVATTEN
B613,2026-10,0.0,KALLVATTEN
B613,2026-11,0.0,KALLVATTEN
B613,2026-12,0.0,KALLVATTEN
B614,2026-01,2925.2724419999986,KALLVATTEN
B614,2026-02,3177.371732999996,KALLVATTEN
B614,2026-03,3548.156066000005,KALLVATTEN
B614,2026-04,136.8914499999987,KALLVATTEN
B614,2026-05,0.0,KALLVATTEN
B614,2026-06,0.0,KALLVATTEN
B614,2026-07,0.0,KALLVATTEN
B614,2026-08,0.0,KALLVATTEN
B614,2026-09,0.0,KALLVATTEN
B614,2026-10,0.0,KALLVATTEN
B614,2026-11,0.0,KALLVATTEN
B614,2026-12,0.0,KALLVATTEN
B615,2026-01,45.61766999999986,KALLVATTEN
B615,2026-02,21.08825999999999,KALLVATTEN
B615,2026-03,81.75683000000004,KALLVATTEN
B615,2026-04,2.2951700000000983,KALLVATTEN
B615,2026-05,0.0,KALLVATTEN
B615,2026-06,0.0,KALLVATTEN
B615,2026-07,0.0,KALLVATTEN
B615,2026-08,0.0,KALLVATTEN
B615,2026-09,0.0,KALLVATTEN
B615,2026-10,0.0,KALLVATTEN
B615,2026-11,0.0,KALLVATTEN
B615,2026-12,0.0,KALLVATTEN
B616,2026-01,3377.0585999999967,KALLVATTEN
B616,2026-02,3776.980500000005,KALLVATTEN
B616,2026-03,4659.976500000004,KALLVATTEN
B616,2026-04,167.8984999999957,KALLVATTEN
B616,2026-05,0.0,KALLVATTEN
B616,2026-06,0.0,KALLVATTEN
B616,2026-07,0.0,KALLVATTEN
B616,2026-08,0.0,KALLVATTEN
B616,2026-09,0.0,KALLVATTEN
B616,2026-10,0.0,KALLVATTEN
B616,2026-11,0.0,KALLVATTEN
B616,2026-12,0.0,KALLVATTEN
B620,2026-01,0.0,KALLVATTEN
B620,2026-02,0.0,KALLVATTEN
B620,2026-03,0.0,KALLVATTEN
B620,2026-04,0.0,KALLVATTEN
B620,2026-05,0.0,KALLVATTEN
B620,2026-06,0.0,KALLVATTEN
B620,2026-07,0.0,KALLVATTEN
B620,2026-08,0.0,KALLVATTEN
B620,2026-09,0.0,KALLVATTEN
B620,2026-10,0.0,KALLVATTEN
B620,2026-11,0.0,KALLVATTEN
B620,2026-12,0.0,KALLVATTEN
B621,2026-01,1202.3349719999976,KALLVATTEN
B621,2026-02,1379.6304640000014,KALLVATTEN
B621,2026-03,1801.9217039999974,KALLVATTEN
B621,2026-04,69.70188300000473,KALLVATTEN
B621,2026-05,0.0,KALLVATTEN
B621,2026-06,0.0,KALLVATTEN
B621,2026-07,0.0,KALLVATTEN
B621,2026-08,0.0,KALLVATTEN
B621,2026-09,0.0,KALLVATTEN
B621,2026-10,0.0,KALLVATTEN
B621,2026-11,0.0,KALLVATTEN
B621,2026-12,0.0,KALLVATTEN
B622,2026-01,1316.0346599999984,KALLVATTEN
B622,2026-02,1187.8920800000033,KALLVATTEN
B622,2026-03,1253.739679999997,KALLVATTEN
B622,2026-04,35.88091000000259,KALLVATTEN
B622,2026-05,0.0,KALLVATTEN
B622,2026-06,0.0,KALLVATTEN
B622,2026-07,0.0,KALLVATTEN
B622,2026-08,0.0,KALLVATTEN
B622,2026-09,0.0,KALLVATTEN
B622,2026-10,0.0,KALLVATTEN
B622,2026-11,0.0,KALLVATTEN
B622,2026-12,0.0,KALLVATTEN
B623,2026-01,36.34124799999995,KALLVATTEN
B623,2026-02,23.881286000000046,KALLVATTEN
B623,2026-03,48.87707599999999,KALLVATTEN
B623,2026-04,1.2357170000000224,KALLVATTEN
B623,2026-05,0.0,KALLVATTEN
B623,2026-06,0.0,KALLVATTEN
B623,2026-07,0.0,KALLVATTEN
B623,2026-08,0.0,KALLVATTEN
B623,2026-09,0.0,KALLVATTEN
B623,2026-10,0.0,KALLVATTEN
B623,2026-11,0.0,KALLVATTEN
B623,2026-12,0.0,KALLVATTEN
B625,2026-01,619.3315499999999,KALLVATTEN
B625,2026-02,1850.9546200000004,KALLVATTEN
B625,2026-03,1667.55559,KALLVATTEN
B625,2026-04,201.6816800000015,KALLVATTEN
B625,2026-05,0.0,KALLVATTEN
B625,2026-06,0.0,KALLVATTEN
B625,2026-07,0.0,KALLVATTEN
B625,2026-08,0.0,KALLVATTEN
B625,2026-09,0.0,KALLVATTEN
B625,2026-10,0.0,KALLVATTEN
B625,2026-11,0.0,KALLVATTEN
B625,2026-12,0.0,KALLVATTEN
B626,2026-01,65.30502299999995,KALLVATTEN
B626,2026-02,52.169983,KALLVATTEN
B626,2026-03,64.35400400000003,KALLVATTEN
B626,2026-04,3.338011999999935,KALLVATTEN
B626,2026-05,0.0,KALLVATTEN
B626,2026-06,0.0,KALLVATTEN
B626,2026-07,0.0,KALLVATTEN
B626,2026-08,0.0,KALLVATTEN
B626,2026-09,0.0,KALLVATTEN
B626,2026-10,0.0,KALLVATTEN
B626,2026-11,0.0,KALLVATTEN
B626,2026-12,0.0,KALLVATTEN
B631,2026-01,167.93066,KALLVATTEN
B631,2026-02,225.45068999999967,KALLVATTEN
B631,2026-03,226.80957000000035,KALLVATTEN
B631,2026-04,8.190429999999651,KALLVATTEN
B631,2026-05,0.0,KALLVATTEN
B631,2026-06,0.0,KALLVATTEN
B631,2026-07,0.0,KALLVATTEN
B631,2026-08,0.0,KALLVATTEN
B631,2026-09,0.0,KALLVATTEN
B631,2026-10,0.0,KALLVATTEN
B631,2026-11,0.0,KALLVATTEN
B631,2026-12,0.0,KALLVATTEN
B634,2026-01,242.17674999999872,KALLVATTEN
B634,2026-02,266.50733000000037,KALLVATTEN
B634,2026-03,300.2851499999997,KALLVATTEN
B634,2026-04,11.787600000000566,KALLVATTEN
B634,2026-05,0.0,KALLVATTEN
B634,2026-06,0.0,KALLVATTEN
B634,2026-07,0.0,KALLVATTEN
B634,2026-08,0.0,KALLVATTEN
B634,2026-09,0.0,KALLVATTEN
B634,2026-10,0.0,KALLVATTEN
B634,2026-11,0.0,KALLVATTEN
B634,2026-12,0.0,KALLVATTEN
B637,2026-01,17.3109740000001,KALLVATTEN
B637,2026-02,18.933044999999993,KALLVATTEN
B637,2026-03,20.398985999999923,KALLVATTEN
B637,2026-04,0.9119880000000649,KALLVATTEN
B637,2026-05,0.0,KALLVATTEN
B637,2026-06,0.0,KALLVATTEN
B637,2026-07,0.0,KALLVATTEN
B637,2026-08,0.0,KALLVATTEN
B637,2026-09,0.0,KALLVATTEN
B637,2026-10,0.0,KALLVATTEN
B637,2026-11,0.0,KALLVATTEN
B637,2026-12,0.0,KALLVATTEN
B638,2026-01,20.181029999999964,KALLVATTEN
B638,2026-02,25.22998000000007,KALLVATTEN
B638,2026-03,26.83508999999981,KALLVATTEN
B638,2026-04,1.2639100000001235,KALLVATTEN
B638,2026-05,0.0,KALLVATTEN
B638,2026-06,0.0,KALLVATTEN
B638,2026-07,0.0,KALLVATTEN
B638,2026-08,0.0,KALLVATTEN
B638,2026-09,0.0,KALLVATTEN
B638,2026-10,0.0,KALLVATTEN
B638,2026-11,0.0,KALLVATTEN
B638,2026-12,0.0,KALLVATTEN
B641,2026-01,8.192993999999999,KALLVATTEN
B641,2026-02,7.94702099999995,KALLVATTEN
B641,2026-03,11.571960999999988,KALLVATTEN
B641,2026-04,0.7239990000000489,KALLVATTEN
B641,2026-05,0.0,KALLVATTEN
B641,2026-06,0.0,KALLVATTEN
B641,2026-07,0.0,KALLVATTEN
B641,2026-08,0.0,KALLVATTEN
B641,2026-09,0.0,KALLVATTEN
B641,2026-10,0.0,KALLVATTEN
B641,2026-11,0.0,KALLVATTEN
B641,2026-12,0.0,KALLVATTEN
B642,2026-01,56.57996000000003,KALLVATTEN
B642,2026-02,59.16808999999989,KALLVATTEN
B642,2026-03,68.81091000000015,KALLVATTEN
B642,2026-04,2.8250799999998435,KALLVATTEN
B642,2026-05,0.0,KALLVATTEN
B642,2026-06,0.0,KALLVATTEN
B642,2026-07,0.0,KALLVATTEN
B642,2026-08,0.0,KALLVATTEN
B642,2026-09,0.0,KALLVATTEN
B642,2026-10,0.0,KALLVATTEN
B642,2026-11,0.0,KALLVATTEN
B642,2026-12,0.0,KALLVATTEN
B643,2026-01,184.1274400000002,KALLVATTEN
B643,2026-02,181.4433599999993,KALLVATTEN
B643,2026-03,214.0927700000011,KALLVATTEN
B643,2026-04,10.708989999999176,KALLVATTEN
B643,2026-05,0.0,KALLVATTEN
B643,2026-06,0.0,KALLVATTEN
B643,2026-07,0.0,KALLVATTEN
B643,2026-08,0.0,KALLVATTEN
B643,2026-09,0.0,KALLVATTEN
B643,2026-10,0.0,KALLVATTEN
B643,2026-11,0.0,KALLVATTEN
B643,2026-12,0.0,KALLVATTEN
B649,2026-01,0.0,KALLVATTEN
B649,2026-02,0.0,KALLVATTEN
B649,2026-03,0.0,KALLVATTEN
B649,2026-04,0.0,KALLVATTEN
B649,2026-05,0.0,KALLVATTEN
B649,2026-06,0.0,KALLVATTEN
B649,2026-07,0.0,KALLVATTEN
B649,2026-08,0.0,KALLVATTEN
B649,2026-09,0.0,KALLVATTEN
B649,2026-10,0.0,KALLVATTEN
B649,2026-11,0.0,KALLVATTEN
B649,2026-12,0.0,KALLVATTEN
B650,2026-01,1207.2348599999996,KALLVATTEN
B650,2026-02,1110.4057600000006,KALLVATTEN
B650,2026-03,1280.072259999999,KALLVATTEN
B650,2026-04,39.91899999999987,KALLVATTEN
B650,2026-05,0.0,KALLVATTEN
B650,2026-06,0.0,KALLVATTEN
B650,2026-07,0.0,KALLVATTEN
B650,2026-08,0.0,KALLVATTEN
B650,2026-09,0.0,KALLVATTEN
B650,2026-10,0.0,KALLVATTEN
B650,2026-11,0.0,KALLVATTEN
B650,2026-12,0.0,KALLVATTEN
B651,2026-01,171.19396499999993,KALLVATTEN
B651,2026-02,21.154060000000072,KALLVATTEN
B651,2026-03,26.468990000000076,KALLVATTEN
B651,2026-04,1.1290299999998297,KALLVATTEN
B651,2026-05,0.0,KALLVATTEN
B651,2026-06,0.0,KALLVATTEN
B651,2026-07,0.0,KALLVATTEN
B651,2026-08,0.0,KALLVATTEN
B651,2026-09,0.0,KALLVATTEN
B651,2026-10,0.0,KALLVATTEN
B651,2026-11,0.0,KALLVATTEN
B651,2026-12,0.0,KALLVATTEN
B652,2026-01,15.950988999999993,KALLVATTEN
B652,2026-02,17.43298299999998,KALLVATTEN
B652,2026-03,27.05804500000005,KALLVATTEN
B652,2026-04,0.6869499999999107,KALLVATTEN
B652,2026-05,0.0,KALLVATTEN
B652,2026-06,0.0,KALLVATTEN
B652,2026-07,0.0,KALLVATTEN
B652,2026-08,0.0,KALLVATTEN
B652,2026-09,0.0,KALLVATTEN
B652,2026-10,0.0,KALLVATTEN
B652,2026-11,0.0,KALLVATTEN
B652,2026-12,0.0,KALLVATTEN
B653,2026-01,495.3359999999957,KALLVATTEN
B653,2026-02,926.4379999999946,KALLVATTEN
B653,2026-03,1113.7189999999973,KALLVATTEN
B653,2026-04,41.679000000003725,KALLVATTEN
B653,2026-05,0.0,KALLVATTEN
B653,2026-06,0.0,KALLVATTEN
B653,2026-07,0.0,KALLVATTEN
B653,2026-08,0.0,KALLVATTEN
B653,2026-09,0.0,KALLVATTEN
B653,2026-10,0.0,KALLVATTEN
B653,2026-11,0.0,KALLVATTEN
B653,2026-12,0.0,KALLVATTEN
B654,2026-01,8.615969999999834,KALLVATTEN
B654,2026-02,2.200929999999971,KALLVATTEN
B654,2026-03,8.91601000000037,KALLVATTEN
B654,2026-04,7.122069999999894,KALLVATTEN
B654,2026-05,0.0,KALLVATTEN
B654,2026-06,0.0,KALLVATTEN
B654,2026-07,0.0,KALLVATTEN
B654,2026-08,0.0,KALLVATTEN
B654,2026-09,0.0,KALLVATTEN
B654,2026-10,0.0,KALLVATTEN
B654,2026-11,0.0,KALLVATTEN
B654,2026-12,0.0,KALLVATTEN
B655,2026-01,12.297028000000012,KALLVATTEN
B655,2026-02,16.112976000000003,KALLVATTEN
B655,2026-03,15.839020000000005,KALLVATTEN
B655,2026-04,0.27499299999999494,KALLVATTEN
B655,2026-05,0.0,KALLVATTEN
B655,2026-06,0.0,KALLVATTEN
B655,2026-07,0.0,KALLVATTEN
B655,2026-08,0.0,KALLVATTEN
B655,2026-09,0.0,KALLVATTEN
B655,2026-10,0.0,KALLVATTEN
B655,2026-11,0.0,KALLVATTEN
B655,2026-12,0.0,KALLVATTEN
B656,2026-01,0.0,KALLVATTEN
B656,2026-02,0.0,KALLVATTEN
B656,2026-03,0.0,KALLVATTEN
B656,2026-04,0.0,KALLVATTEN
B656,2026-05,0.0,KALLVATTEN
B656,2026-06,0.0,KALLVATTEN
B656,2026-07,0.0,KALLVATTEN
B656,2026-08,0.0,KALLVATTEN
B656,2026-09,0.0,KALLVATTEN
B656,2026-10,0.0,KALLVATTEN
B656,2026-11,0.0,KALLVATTEN
B656,2026-12,0.0,KALLVATTEN
B658,2026-01,54.23095999999987,KALLVATTEN
B658,2026-02,55.172000000000025,KALLVATTEN
B658,2026-03,59.949100000000044,KALLVATTEN
B658,2026-04,3.1979899999998906,KALLVATTEN
B658,2026-05,0.0,KALLVATTEN
B658,2026-06,0.0,KALLVATTEN
B658,2026-07,0.0,KALLVATTEN
B658,2026-08,0.0,KALLVATTEN
B658,2026-09,0.0,KALLVATTEN
B658,2026-10,0.0,KALLVATTEN
B658,2026-11,0.0,KALLVATTEN
B658,2026-12,0.0,KALLVATTEN
B659,2026-01,0.02200001500000004,KALLVATTEN
B659,2026-02,0.032000005,KALLVATTEN
B659,2026-03,0.003999948000000031,KALLVATTEN
B659,2026-04,0.001000047000000004,KALLVATTEN
B659,2026-05,0.0,KALLVATTEN
B659,2026-06,0.0,KALLVATTEN
B659,2026-07,0.0,KALLVATTEN
B659,2026-08,0.0,KALLVATTEN
B659,2026-09,0.0,KALLVATTEN
B659,2026-10,0.0,KALLVATTEN
B659,2026-11,0.0,KALLVATTEN
B659,2026-12,0.0,KALLVATTEN
B660,2026-01,0.0,KALLVATTEN
B660,2026-02,0.0,KALLVATTEN
B660,2026-03,0.0,KALLVATTEN
B660,2026-04,0.0,KALLVATTEN
B660,2026-05,0.0,KALLVATTEN
B660,2026-06,0.0,KALLVATTEN
B660,2026-07,0.0,KALLVATTEN
B660,2026-08,0.0,KALLVATTEN
B660,2026-09,0.0,KALLVATTEN
B660,2026-10,0.0,KALLVATTEN
B660,2026-11,0.0,KALLVATTEN
B660,2026-12,0.0,KALLVATTEN
B661,2026-01,389.52839999999924,KALLVATTEN
B661,2026-02,607.1074000000008,KALLVATTEN
B661,2026-03,1375.9132000000009,KALLVATTEN
B661,2026-04,50.930600000001505,KALLVATTEN
B661,2026-05,0.0,KALLVATTEN
B661,2026-06,0.0,KALLVATTEN
B661,2026-07,0.0,KALLVATTEN
B661,2026-08,0.0,KALLVATTEN
B661,2026-09,0.0,KALLVATTEN
B661,2026-10,0.0,KALLVATTEN
B661,2026-11,0.0,KALLVATTEN
B661,2026-12,0.0,KALLVATTEN
B662,2026-01,0.0,KALLVATTEN
B662,2026-02,0.0,KALLVATTEN
B662,2026-03,0.0,KALLVATTEN
B662,2026-04,0.0,KALLVATTEN
B662,2026-05,0.0,KALLVATTEN
B662,2026-06,0.0,KALLVATTEN
B662,2026-07,0.0,KALLVATTEN
B662,2026-08,0.0,KALLVATTEN
B662,2026-09,0.0,KALLVATTEN
B662,2026-10,0.0,KALLVATTEN
B662,2026-11,0.0,KALLVATTEN
B662,2026-12,0.0,KALLVATTEN
B663,2026-01,0.0,KALLVATTEN
B663,2026-02,0.0,KALLVATTEN
B663,2026-03,0.0,KALLVATTEN
B663,2026-04,0.0,KALLVATTEN
B663,2026-05,0.0,KALLVATTEN
B663,2026-06,0.0,KALLVATTEN
B663,2026-07,0.0,KALLVATTEN
B663,2026-08,0.0,KALLVATTEN
B663,2026-09,0.0,KALLVATTEN
B663,2026-10,0.0,KALLVATTEN
B663,2026-11,0.0,KALLVATTEN
B663,2026-12,0.0,KALLVATTEN
B664,2026-01,3.650001500000002,KALLVATTEN
B664,2026-02,1.7369995000000031,KALLVATTEN
B664,2026-03,0.11600119999999947,KALLVATTEN
B664,2026-04,0.004997199999998259,KALLVATTEN
B664,2026-05,0.0,KALLVATTEN
B664,2026-06,0.0,KALLVATTEN
B664,2026-07,0.0,KALLVATTEN
B664,2026-08,0.0,KALLVATTEN
B664,2026-09,0.0,KALLVATTEN
B664,2026-10,0.0,KALLVATTEN
B664,2026-11,0.0,KALLVATTEN
B664,2026-12,0.0,KALLVATTEN
B665,2026-01,0.0,KALLVATTEN
B665,2026-02,0.0,KALLVATTEN
B665,2026-03,0.0,KALLVATTEN
B665,2026-04,0.0,KALLVATTEN
B665,2026-05,0.0,KALLVATTEN
B665,2026-06,0.0,KALLVATTEN
B665,2026-07,0.0,KALLVATTEN
B665,2026-08,0.0,KALLVATTEN
B665,2026-09,0.0,KALLVATTEN
B665,2026-10,0.0,KALLVATTEN
B665,2026-11,0.0,KALLVATTEN
B665,2026-12,0.0,KALLVATTEN
B674,2026-01,251.56347000000096,KALLVATTEN
B674,2026-02,259.1738299999997,KALLVATTEN
B674,2026-03,303.22559,KALLVATTEN
B674,2026-04,11.741210000000137,KALLVATTEN
B674,2026-05,0.0,KALLVATTEN
B674,2026-06,0.0,KALLVATTEN
B674,2026-07,0.0,KALLVATTEN
B674,2026-08,0.0,KALLVATTEN
B674,2026-09,0.0,KALLVATTEN
B674,2026-10,0.0,KALLVATTEN
B674,2026-11,0.0,KALLVATTEN
B674,2026-12,0.0,KALLVATTEN
B684,2026-01,5.724998999999997,KALLVATTEN
B684,2026-02,7.444998999999996,KALLVATTEN
B684,2026-03,7.089005000000014,KALLVATTEN
B684,2026-04,0.3619989999999973,KALLVATTEN
B684,2026-05,0.0,KALLVATTEN
B684,2026-06,0.0,KALLVATTEN
B684,2026-07,0.0,KALLVATTEN
B684,2026-08,0.0,KALLVATTEN
B684,2026-09,0.0,KALLVATTEN
B684,2026-10,0.0,KALLVATTEN
B684,2026-11,0.0,KALLVATTEN
B684,2026-12,0.0,KALLVATTEN
B821,2026-01,27.880033999999853,KALLVATTEN
B821,2026-02,29.56293100000005,KALLVATTEN
B821,2026-03,33.27209200000004,KALLVATTEN
B821,2026-04,1.3849450000002435,KALLVATTEN
B821,2026-05,0.0,KALLVATTEN
B821,2026-06,0.0,KALLVATTEN
B821,2026-07,0.0,KALLVATTEN
B821,2026-08,0.0,KALLVATTEN
B821,2026-09,0.0,KALLVATTEN
B821,2026-10,0.0,KALLVATTEN
B821,2026-11,0.0,KALLVATTEN
B821,2026-12,0.0,KALLVATTEN
B833,2026-01,3357.53301,KALLVATTEN
B833,2026-02,1531.498790000002,KALLVATTEN
B833,2026-03,1637.0056099999968,KALLVATTEN
B833,2026-04,56.49981999999909,KALLVATTEN
B833,2026-05,0.0,KALLVATTEN
B833,2026-06,0.0,KALLVATTEN
B833,2026-07,0.0,KALLVATTEN
B833,2026-08,0.0,KALLVATTEN
B833,2026-09,0.0,KALLVATTEN
B833,2026-10,0.0,KALLVATTEN
B833,2026-11,0.0,KALLVATTEN
B833,2026-12,0.0,KALLVATTEN
B834,2026-01,44.88489000000004,KALLVATTEN
B834,2026-02,47.21801000000005,KALLVATTEN
B834,2026-03,83.51208999999994,KALLVATTEN
B834,2026-04,2.1309799999999086,KALLVATTEN
B834,2026-05,0.0,KALLVATTEN
B834,2026-06,0.0,KALLVATTEN
B834,2026-07,0.0,KALLVATTEN
B834,2026-08,0.0,KALLVATTEN
B834,2026-09,0.0,KALLVATTEN
B834,2026-10,0.0,KALLVATTEN
B834,2026-11,0.0,KALLVATTEN
B834,2026-12,0.0,KALLVATTEN
B841,2026-01,0.0,KALLVATTEN
B841,2026-02,0.0009999200000008202,KALLVATTEN
B841,2026-03,0.0,KALLVATTEN
B841,2026-04,0.0,KALLVATTEN
B841,2026-05,0.0,KALLVATTEN
B841,2026-06,0.0,KALLVATTEN
B841,2026-07,0.0,KALLVATTEN
B841,2026-08,0.0,KALLVATTEN
B841,2026-09,0.0,KALLVATTEN
B841,2026-10,0.0,KALLVATTEN
B841,2026-11,0.0,KALLVATTEN
B841,2026-12,0.0,KALLVATTEN
B842,2026-01,0.0,KALLVATTEN
B842,2026-02,0.0,KALLVATTEN
B842,2026-03,0.0,KALLVATTEN
B842,2026-04,0.0,KALLVATTEN
B842,2026-05,0.0,KALLVATTEN
B842,2026-06,0.0,KALLVATTEN
B842,2026-07,0.0,KALLVATTEN
B842,2026-08,0.0,KALLVATTEN
B842,2026-09,0.0,KALLVATTEN
B842,2026-10,0.0,KALLVATTEN
B842,2026-11,0.0,KALLVATTEN
B842,2026-12,0.0,KALLVATTEN
B850,2026-01,0.0,KALLVATTEN
B850,2026-02,2.8780003,KALLVATTEN
B850,2026-03,7.016000799999997,KALLVATTEN
B850,2026-04,0.0,KALLVATTEN
B850,2026-05,0.0,KALLVATTEN
B850,2026-06,0.0,KALLVATTEN
B850,2026-07,0.0,KALLVATTEN
B850,2026-08,0.0,KALLVATTEN
B850,2026-09,0.0,KALLVATTEN
B850,2026-10,0.0,KALLVATTEN
B850,2026-11,0.0,KALLVATTEN
B850,2026-12,0.0,KALLVATTEN
B869,2026-01,0.0,KALLVATTEN
B869,2026-02,0.0,KALLVATTEN
B869,2026-03,0.0,KALLVATTEN
B869,2026-04,0.0,KALLVATTEN
B869,2026-05,0.0,KALLVATTEN
B869,2026-06,0.0,KALLVATTEN
B869,2026-07,0.0,KALLVATTEN
B869,2026-08,0.0,KALLVATTEN
B869,2026-09,0.0,KALLVATTEN
B869,2026-10,0.0,KALLVATTEN
B869,2026-11,0.0,KALLVATTEN
B869,2026-12,0.0,KALLVATTEN
B921,2026-01,1927.4805000000051,KALLVATTEN
B921,2026-02,1965.5116999999955,KALLVATTEN
B921,2026-03,3842.281200000005,KALLVATTEN
B921,2026-04,75.7187999999951,KALLVATTEN
B921,2026-05,0.0,KALLVATTEN
B921,2026-06,0.0,KALLVATTEN
B921,2026-07,0.0,KALLVATTEN
B921,2026-08,0.0,KALLVATTEN
B921,2026-09,0.0,KALLVATTEN
B921,2026-10,0.0,KALLVATTEN
B921,2026-11,0.0,KALLVATTEN
B921,2026-12,0.0,KALLVATTEN
B602,2026-01,0.0,KYLA
B602,2026-02,0.0,KYLA
B602,2026-03,0.0,KYLA
B602,2026-04,0.0,KYLA
B602,2026-05,0.0,KYLA
B602,2026-06,0.0,KYLA
B602,2026-07,0.0,KYLA
B602,2026-08,0.0,KYLA
B602,2026-09,0.0,KYLA
B602,2026-10,0.0,KYLA
B602,2026-11,0.0,KYLA
B602,2026-12,0.0,KYLA
B603,2026-01,0.0,KYLA
B603,2026-02,0.0,KYLA
B603,2026-03,0.0,KYLA
B603,2026-04,0.0,KYLA
B603,2026-05,0.0,KYLA
B603,2026-06,0.0,KYLA
B603,2026-07,0.0,KYLA
B603,2026-08,0.0,KYLA
B603,2026-09,0.0,KYLA
B603,2026-10,0.0,KYLA
B603,2026-11,0.0,KYLA
B603,2026-12,0.0,KYLA
B604,2026-01,0.0,KYLA
B604,2026-02,0.0,KYLA
B604,2026-03,0.0,KYLA
B604,2026-04,0.0,KYLA
B604,2026-05,0.0,KYLA
B604,2026-06,0.0,KYLA
B604,2026-07,0.0,KYLA
B604,2026-08,0.0,KYLA
B604,2026-09,0.0,KYLA
B604,2026-10,0.0,KYLA
B604,2026-11,0.0,KYLA
B604,2026-12,0.0,KYLA
B611,2026-01,-20.882458760000027,KYLA
B611,2026-02,-12.01420075999891,KYLA
B611,2026-03,-19.318352479999977,KYLA
B611,2026-04,-0.5813876199999953,KYLA
B611,2026-05,0.0,KYLA
B611,2026-06,0.0,KYLA
B611,2026-07,0.0,KYLA
B611,2026-08,0.0,KYLA
B611,2026-09,0.0,KYLA
B611,2026-10,0.0,KYLA
B611,2026-11,0.0,KYLA
B611,2026-12,0.0,KYLA
B612,2026-01,7.988672156250461,KYLA
B612,2026-02,13.774345812499948,KYLA
B612,2026-03,15.583464296875038,KYLA
B612,2026-04,0.8079126875000384,KYLA
B612,2026-05,0.0,KYLA
B612,2026-06,0.0,KYLA
B612,2026-07,0.0,KYLA
B612,2026-08,0.0,KYLA
B612,2026-09,0.0,KYLA
B612,2026-10,0.0,KYLA
B612,2026-11,0.0,KYLA
B612,2026-12,0.0,KYLA
B613,2026-01,6.044108729062591,KYLA
B613,2026-02,7.647020643125088,KYLA
B613,2026-03,7.885138694218796,KYLA
B613,2026-04,0.3221762018749999,KYLA
B613,2026-05,0.0,KYLA
B613,2026-06,0.0,KYLA
B613,2026-07,0.0,KYLA
B613,2026-08,0.0,KYLA
B613,2026-09,0.0,KYLA
B613,2026-10,0.0,KYLA
B613,2026-11,0.0,KYLA
B613,2026-12,0.0,KYLA
B614,2026-01,22.601599999994505,KYLA
B614,2026-02,19.619995000000017,KYLA
B614,2026-03,23.607609000000934,KYLA
B614,2026-04,0.7708020000045508,KYLA
B614,2026-05,0.0,KYLA
B614,2026-06,0.0,KYLA
B614,2026-07,0.0,KYLA
B614,2026-08,0.0,KYLA
B614,2026-09,0.0,KYLA
B614,2026-10,0.0,KYLA
B614,2026-11,0.0,KYLA
B614,2026-12,0.0,KYLA
B615,2026-01,1.0,KYLA
B615,2026-02,0.8800049999999828,KYLA
B615,2026-03,0.9899910000000318,KYLA
B615,2026-04,0.029997999999977765,KYLA
B615,2026-05,0.0,KYLA
B615,2026-06,0.0,KYLA
B615,2026-07,0.0,KYLA
B615,2026-08,0.0,KYLA
B615,2026-09,0.0,KYLA
B615,2026-10,0.0,KYLA
B615,2026-11,0.0,KYLA
B615,2026-12,0.0,KYLA
B616,2026-01,0.0,KYLA
B616,2026-02,0.0,KYLA
B616,2026-03,0.0,KYLA
B616,2026-04,0.0,KYLA
B616,2026-05,0.0,KYLA
B616,2026-06,0.0,KYLA
B616,2026-07,0.0,KYLA
B616,2026-08,0.0,KYLA
B616,2026-09,0.0,KYLA
B616,2026-10,0.0,KYLA
B616,2026-11,0.0,KYLA
B616,2026-12,0.0,KYLA
B620,2026-01,0.0,KYLA
B620,2026-02,0.0,KYLA
B620,2026-03,0.0,KYLA
B620,2026-04,0.0,KYLA
B620,2026-05,0.0,KYLA
B620,2026-06,0.0,KYLA
B620,2026-07,0.0,KYLA
B620,2026-08,0.0,KYLA
B620,2026-09,0.0,KYLA
B620,2026-10,0.0,KYLA
B620,2026-11,0.0,KYLA
B620,2026-12,0.0,KYLA
B621,2026-01,1.8349989999999963,KYLA
B621,2026-02,2.429999000001459,KYLA
B621,2026-03,2.010002,KYLA
B621,2026-04,0.11000049999999817,KYLA
B621,2026-05,0.0,KYLA
B621,2026-06,0.0,KYLA
B621,2026-07,0.0,KYLA
B621,2026-08,0.0,KYLA
B621,2026-09,0.0,KYLA
B621,2026-10,0.0,KYLA
B621,2026-11,0.0,KYLA
B621,2026-12,0.0,KYLA
B622,2026-01,0.3302998199999993,KYLA
B622,2026-02,0.43739982000026256,KYLA
B622,2026-03,0.36180036,KYLA
B622,2026-04,0.01980008999999967,KYLA
B622,2026-05,0.0,KYLA
B622,2026-06,0.0,KYLA
B622,2026-07,0.0,KYLA
B622,2026-08,0.0,KYLA
B622,2026-09,0.0,KYLA
B622,2026-10,0.0,KYLA
B622,2026-11,0.0,KYLA
B622,2026-12,0.0,KYLA
B623,2026-01,3.6699979999999925,KYLA
B623,2026-02,5.059998000000007,KYLA
B623,2026-03,4.020004,KYLA
B623,2026-04,0.22000099999999634,KYLA
B623,2026-05,0.0,KYLA
B623,2026-06,0.0,KYLA
B623,2026-07,0.0,KYLA
B623,2026-08,0.0,KYLA
B623,2026-09,0.0,KYLA
B623,2026-10,0.0,KYLA
B623,2026-11,0.0,KYLA
B623,2026-12,0.0,KYLA
B625,2026-01,0.0,KYLA
B625,2026-02,0.0,KYLA
B625,2026-03,0.0,KYLA
B625,2026-04,0.0,KYLA
B625,2026-05,0.0,KYLA
B625,2026-06,0.0,KYLA
B625,2026-07,0.0,KYLA
B625,2026-08,0.0,KYLA
B625,2026-09,0.0,KYLA
B625,2026-10,0.0,KYLA
B625,2026-11,0.0,KYLA
B625,2026-12,0.0,KYLA
B631,2026-01,9.310058000000026,KYLA
B631,2026-02,8.5,KYLA
B631,2026-03,9.139953999999989,KYLA
B631,2026-04,0.2999879999999848,KYLA
B631,2026-05,0.0,KYLA
B631,2026-06,0.0,KYLA
B631,2026-07,0.0,KYLA
B631,2026-08,0.0,KYLA
B631,2026-09,0.0,KYLA
B631,2026-10,0.0,KYLA
B631,2026-11,0.0,KYLA
B631,2026-12,0.0,KYLA
B634,2026-01,22.132683105468242,KYLA
B634,2026-02,19.938146484375,KYLA
B634,2026-03,23.821940917968917,KYLA
B634,2026-04,0.7734711914060808,KYLA
B634,2026-05,0.0,KYLA
B634,2026-06,0.0,KYLA
B634,2026-07,0.0,KYLA
B634,2026-08,0.0,KYLA
B634,2026-09,0.0,KYLA
B634,2026-10,0.0,KYLA
B634,2026-11,0.0,KYLA
B634,2026-12,0.0,KYLA
B637,2026-01,17.497069999999894,KYLA
B637,2026-02,18.033930000000055,KYLA
B637,2026-03,17.194100000000162,KYLA
B637,2026-04,0.5048799999999574,KYLA
B637,2026-05,0.0,KYLA
B637,2026-06,0.0,KYLA
B637,2026-07,0.0,KYLA
B637,2026-08,0.0,KYLA
B637,2026-09,0.0,KYLA
B637,2026-10,0.0,KYLA
B637,2026-11,0.0,KYLA
B637,2026-12,0.0,KYLA
B638,2026-01,0.0,KYLA
B638,2026-02,0.0,KYLA
B638,2026-03,0.0,KYLA
B638,2026-04,0.0,KYLA
B638,2026-05,0.0,KYLA
B638,2026-06,0.0,KYLA
B638,2026-07,0.0,KYLA
B638,2026-08,0.0,KYLA
B638,2026-09,0.0,KYLA
B638,2026-10,0.0,KYLA
B638,2026-11,0.0,KYLA
B638,2026-12,0.0,KYLA
B641,2026-01,-1.7497069999999895,KYLA
B641,2026-02,-1.8033930000000056,KYLA
B641,2026-03,-1.7194100000000163,KYLA
B641,2026-04,-0.05048799999999574,KYLA
B641,2026-05,0.0,KYLA
B641,2026-06,0.0,KYLA
B641,2026-07,0.0,KYLA
B641,2026-08,0.0,KYLA
B641,2026-09,0.0,KYLA
B641,2026-10,0.0,KYLA
B641,2026-11,0.0,KYLA
B641,2026-12,0.0,KYLA
B642,2026-01,0.0,KYLA
B642,2026-02,0.0,KYLA
B642,2026-03,0.0,KYLA
B642,2026-04,0.0,KYLA
B642,2026-05,0.0,KYLA
B642,2026-06,0.0,KYLA
B642,2026-07,0.0,KYLA
B642,2026-08,0.0,KYLA
B642,2026-09,0.0,KYLA
B642,2026-10,0.0,KYLA
B642,2026-11,0.0,KYLA
B642,2026-12,0.0,KYLA
B643,2026-01,0.0,KYLA
B643,2026-02,0.0,KYLA
B643,2026-03,0.0,KYLA
B643,2026-04,0.0,KYLA
B643,2026-05,0.0,KYLA
B643,2026-06,0.0,KYLA
B643,2026-07,0.0,KYLA
B643,2026-08,0.0,KYLA
B643,2026-09,0.0,KYLA
B643,2026-10,0.0,KYLA
B643,2026-11,0.0,KYLA
B643,2026-12,0.0,KYLA
B649,2026-01,0.0,KYLA
B649,2026-02,0.0,KYLA
B649,2026-03,0.0,KYLA
B649,2026-04,0.0,KYLA
B649,2026-05,0.0,KYLA
B649,2026-06,0.0,KYLA
B649,2026-07,0.0,KYLA
B649,2026-08,0.0,KYLA
B649,2026-09,0.0,KYLA
B649,2026-10,0.0,KYLA
B649,2026-11,0.0,KYLA
B649,2026-12,0.0,KYLA
B650,2026-01,0.0,KYLA
B650,2026-02,0.0,KYLA
B650,2026-03,0.0,KYLA
B650,2026-04,0.0,KYLA
B650,2026-05,0.0,KYLA
B650,2026-06,0.0,KYLA
B650,2026-07,0.0,KYLA
B650,2026-08,0.0,KYLA
B650,2026-09,0.0,KYLA
B650,2026-10,0.0,KYLA
B650,2026-11,0.0,KYLA
B650,2026-12,0.0,KYLA
B651,2026-01,0.0,KYLA
B651,2026-02,0.0,KYLA
B651,2026-03,0.0,KYLA
B651,2026-04,0.0,KYLA
B651,2026-05,0.0,KYLA
B651,2026-06,0.0,KYLA
B651,2026-07,0.0,KYLA
B651,2026-08,0.0,KYLA
B651,2026-09,0.0,KYLA
B651,2026-10,0.0,KYLA
B651,2026-11,0.0,KYLA
B651,2026-12,0.0,KYLA
B652,2026-01,0.0,KYLA
B652,2026-02,0.0,KYLA
B652,2026-03,0.0,KYLA
B652,2026-04,0.0,KYLA
B652,2026-05,0.0,KYLA
B652,2026-06,0.0,KYLA
B652,2026-07,0.0,KYLA
B652,2026-08,0.0,KYLA
B652,2026-09,0.0,KYLA
B652,2026-10,0.0,KYLA
B652,2026-11,0.0,KYLA
B652,2026-12,0.0,KYLA
B653,2026-01,0.0,KYLA
B653,2026-02,0.0,KYLA
B653,2026-03,0.0,KYLA
B653,2026-04,0.0,KYLA
B653,2026-05,0.0,KYLA
B653,2026-06,0.0,KYLA
B653,2026-07,0.0,KYLA
B653,2026-08,0.0,KYLA
B653,2026-09,0.0,KYLA
B653,2026-10,0.0,KYLA
B653,2026-11,0.0,KYLA
B653,2026-12,0.0,KYLA
B654,2026-01,0.0,KYLA
B654,2026-02,0.0,KYLA
B654,2026-03,0.0,KYLA
B654,2026-04,0.0,KYLA
B654,2026-05,0.0,KYLA
B654,2026-06,0.0,KYLA
B654,2026-07,0.0,KYLA
B654,2026-08,0.0,KYLA
B654,2026-09,0.0,KYLA
B654,2026-10,0.0,KYLA
B654,2026-11,0.0,KYLA
B654,2026-12,0.0,KYLA
B655,2026-01,0.0,KYLA
B655,2026-02,0.0,KYLA
B655,2026-03,0.0,KYLA
B655,2026-04,0.0,KYLA
B655,2026-05,0.0,KYLA
B655,2026-06,0.0,KYLA
B655,2026-07,0.0,KYLA
B655,2026-08,0.0,KYLA
B655,2026-09,0.0,KYLA
B655,2026-10,0.0,KYLA
B655,2026-11,0.0,KYLA
B655,2026-12,0.0,KYLA
B656,2026-01,0.0,KYLA
B656,2026-02,0.0,KYLA
B656,2026-03,0.0,KYLA
B656,2026-04,0.0,KYLA
B656,2026-05,0.0,KYLA
B656,2026-06,0.0,KYLA
B656,2026-07,0.0,KYLA
B656,2026-08,0.0,KYLA
B656,2026-09,0.0,KYLA
B656,2026-10,0.0,KYLA
B656,2026-11,0.0,KYLA
B656,2026-12,0.0,KYLA
B658,2026-01,0.0,KYLA
B658,2026-02,0.0,KYLA
B658,2026-03,0.0,KYLA
B658,2026-04,0.0,KYLA
B658,2026-05,0.0,KYLA
B658,2026-06,0.0,KYLA
B658,2026-07,0.0,KYLA
B658,2026-08,0.0,KYLA
B658,2026-09,0.0,KYLA
B658,2026-10,0.0,KYLA
B658,2026-11,0.0,KYLA
B658,2026-12,0.0,KYLA
B659,2026-01,0.0,KYLA
B659,2026-02,0.0,KYLA
B659,2026-03,0.0,KYLA
B659,2026-04,0.0,KYLA
B659,2026-05,0.0,KYLA
B659,2026-06,0.0,KYLA
B659,2026-07,0.0,KYLA
B659,2026-08,0.0,KYLA
B659,2026-09,0.0,KYLA
B659,2026-10,0.0,KYLA
B659,2026-11,0.0,KYLA
B659,2026-12,0.0,KYLA
B660,2026-01,0.0,KYLA
B660,2026-02,0.0,KYLA
B660,2026-03,0.0,KYLA
B660,2026-04,0.0,KYLA
B660,2026-05,0.0,KYLA
B660,2026-06,0.0,KYLA
B660,2026-07,0.0,KYLA
B660,2026-08,0.0,KYLA
B660,2026-09,0.0,KYLA
B660,2026-10,0.0,KYLA
B660,2026-11,0.0,KYLA
B660,2026-12,0.0,KYLA
B661,2026-01,0.0,KYLA
B661,2026-02,0.19999999999708962,KYLA
B661,2026-03,0.0,KYLA
B661,2026-04,0.0,KYLA
B661,2026-05,0.0,KYLA
B661,2026-06,0.0,KYLA
B661,2026-07,0.0,KYLA
B661,2026-08,0.0,KYLA
B661,2026-09,0.0,KYLA
B661,2026-10,0.0,KYLA
B661,2026-11,0.0,KYLA
B661,2026-12,0.0,KYLA
B662,2026-01,0.0,KYLA
B662,2026-02,0.0,KYLA
B662,2026-03,0.0,KYLA
B662,2026-04,0.0,KYLA
B662,2026-05,0.0,KYLA
B662,2026-06,0.0,KYLA
B662,2026-07,0.0,KYLA
B662,2026-08,0.0,KYLA
B662,2026-09,0.0,KYLA
B662,2026-10,0.0,KYLA
B662,2026-11,0.0,KYLA
B662,2026-12,0.0,KYLA
B663,2026-01,0.0,KYLA
B663,2026-02,0.0,KYLA
B663,2026-03,0.0,KYLA
B663,2026-04,0.0,KYLA
B663,2026-05,0.0,KYLA
B663,2026-06,0.0,KYLA
B663,2026-07,0.0,KYLA
B663,2026-08,0.0,KYLA
B663,2026-09,0.0,KYLA
B663,2026-10,0.0,KYLA
B663,2026-11,0.0,KYLA
B663,2026-12,0.0,KYLA
B664,2026-01,0.0,KYLA
B664,2026-02,0.0,KYLA
B664,2026-03,0.0,KYLA
B664,2026-04,0.0,KYLA
B664,2026-05,0.0,KYLA
B664,2026-06,0.0,KYLA
B664,2026-07,0.0,KYLA
B664,2026-08,0.0,KYLA
B664,2026-09,0.0,KYLA
B664,2026-10,0.0,KYLA
B664,2026-11,0.0,KYLA
B664,2026-12,0.0,KYLA
B665,2026-01,0.0,KYLA
B665,2026-02,0.0,KYLA
B665,2026-03,0.0,KYLA
B665,2026-04,0.0,KYLA
B665,2026-05,0.0,KYLA
B665,2026-06,0.0,KYLA
B665,2026-07,0.0,KYLA
B665,2026-08,0.0,KYLA
B665,2026-09,0.0,KYLA
B665,2026-10,0.0,KYLA
B665,2026-11,0.0,KYLA
B665,2026-12,0.0,KYLA
B674,2026-01,20.429626464843977,KYLA
B674,2026-02,23.15966796875,KYLA
B674,2026-03,28.310607910156023,KYLA
B674,2026-04,1.0172119140629547,KYLA
B674,2026-05,0.0,KYLA
B674,2026-06,0.0,KYLA
B674,2026-07,0.0,KYLA
B674,2026-08,0.0,KYLA
B674,2026-09,0.0,KYLA
B674,2026-10,0.0,KYLA
B674,2026-11,0.0,KYLA
B674,2026-12,0.0,KYLA
B682,2026-01,0.0,KYLA
B682,2026-02,0.0,KYLA
B682,2026-03,0.0,KYLA
B682,2026-04,0.0,KYLA
B682,2026-05,0.0,KYLA
B682,2026-06,0.0,KYLA
B682,2026-07,0.0,KYLA
B682,2026-08,0.0,KYLA
B682,2026-09,0.0,KYLA
B682,2026-10,0.0,KYLA
B682,2026-11,0.0,KYLA
B682,2026-12,0.0,KYLA
B821,2026-01,0.0,KYLA
B821,2026-02,0.0,KYLA
B821,2026-03,0.0,KYLA
B821,2026-04,0.0,KYLA
B821,2026-05,0.0,KYLA
B821,2026-06,0.0,KYLA
B821,2026-07,0.0,KYLA
B821,2026-08,0.0,KYLA
B821,2026-09,0.0,KYLA
B821,2026-10,0.0,KYLA
B821,2026-11,0.0,KYLA
B821,2026-12,0.0,KYLA
B833,2026-01,-0.8400099999998929,KYLA
B833,2026-02,-1.0400500000000648,KYLA
B833,2026-03,-2.4100100000000566,KYLA
B833,2026-04,-0.08995000000004438,KYLA
B833,2026-05,0.0,KYLA
B833,2026-06,0.0,KYLA
B833,2026-07,0.0,KYLA
B833,2026-08,0.0,KYLA
B833,2026-09,0.0,KYLA
B833,2026-10,0.0,KYLA
B833,2026-11,0.0,KYLA
B833,2026-12,0.0,KYLA
B834,2026-01,0.8400099999998929,KYLA
B834,2026-02,1.0400500000000648,KYLA
B834,2026-03,2.4100100000000566,KYLA
B834,2026-04,0.08995000000004438,KYLA
B834,2026-05,0.0,KYLA
B834,2026-06,0.0,KYLA
B834,2026-07,0.0,KYLA
B834,2026-08,0.0,KYLA
B834,2026-09,0.0,KYLA
B834,2026-10,0.0,KYLA
B834,2026-11,0.0,KYLA
B834,2026-12,0.0,KYLA
B835,2026-01,0.0,KYLA
B835,2026-02,0.0,KYLA
B835,2026-03,0.0,KYLA
B835,2026-04,0.0,KYLA
B835,2026-05,0.0,KYLA
B835,2026-06,0.0,KYLA
B835,2026-07,0.0,KYLA
B835,2026-08,0.0,KYLA
B835,2026-09,0.0,KYLA
B835,2026-10,0.0,KYLA
B835,2026-11,0.0,KYLA
B835,2026-12,0.0,KYLA
B841,2026-01,0.0,KYLA
B841,2026-02,0.0,KYLA
B841,2026-03,0.0,KYLA
B841,2026-04,0.0,KYLA
B841,2026-05,0.0,KYLA
B841,2026-06,0.0,KYLA
B841,2026-07,0.0,KYLA
B841,2026-08,0.0,KYLA
B841,2026-09,0.0,KYLA
B841,2026-10,0.0,KYLA
B841,2026-11,0.0,KYLA
B841,2026-12,0.0,KYLA
B842,2026-01,0.0,KYLA
B842,2026-02,0.0,KYLA
B842,2026-03,0.0,KYLA
B842,2026-04,0.0,KYLA
B842,2026-05,0.0,KYLA
B842,2026-06,0.0,KYLA
B842,2026-07,0.0,KYLA
B842,2026-08,0.0,KYLA
B842,2026-09,0.0,KYLA
B842,2026-10,0.0,KYLA
B842,2026-11,0.0,KYLA
B842,2026-12,0.0,KYLA
B850,2026-01,0.0,KYLA
B850,2026-02,0.0,KYLA
B850,2026-03,0.0,KYLA
B850,2026-04,0.0,KYLA
B850,2026-05,0.0,KYLA
B850,2026-06,0.0,KYLA
B850,2026-07,0.0,KYLA
B850,2026-08,0.0,KYLA
B850,2026-09,0.0,KYLA
B850,2026-10,0.0,KYLA
B850,2026-11,0.0,KYLA
B850,2026-12,0.0,KYLA
B869,2026-01,0.0,KYLA
B869,2026-02,0.0,KYLA
B869,2026-03,0.0,KYLA
B869,2026-04,0.0,KYLA
B869,2026-05,0.0,KYLA
B869,2026-06,0.0,KYLA
B869,2026-07,0.0,KYLA
B869,2026-08,0.0,KYLA
B869,2026-09,0.0,KYLA
B869,2026-10,0.0,KYLA
B869,2026-11,0.0,KYLA
B869,2026-12,0.0,KYLA
B921,2026-01,0.0,KYLA
B921,2026-02,0.0,KYLA
B921,2026-03,0.0,KYLA
B921,2026-04,0.0,KYLA
B921,2026-05,0.0,KYLA
B921,2026-06,0.0,KYLA
B921,2026-07,0.0,KYLA
B921,2026-08,0.0,KYLA
B921,2026-09,0.0,KYLA
B921,2026-10,0.0,KYLA
B921,2026-11,0.0,KYLA
B921,2026-12,0.0,KYLA
B951,2026-01,0.0,KYLA
B951,2026-02,0.0,KYLA
B951,2026-03,0.0,KYLA
B951,2026-04,0.0,KYLA
B951,2026-05,0.0,KYLA
B951,2026-06,0.0,KYLA
B951,2026-07,0.0,KYLA
B951,2026-08,0.0,KYLA
B951,2026-09,0.0,KYLA
B951,2026-10,0.0,KYLA
B951,2026-11,0.0,KYLA
B951,2026-12,0.0,KYLA
B602,2026-01,0.0,KYLTORNSVATTEN
B602,2026-02,0.0,KYLTORNSVATTEN
B602,2026-03,0.0,KYLTORNSVATTEN
B602,2026-04,0.0,KYLTORNSVATTEN
B602,2026-05,0.0,KYLTORNSVATTEN
B602,2026-06,0.0,KYLTORNSVATTEN
B602,2026-07,0.0,KYLTORNSVATTEN
B602,2026-08,0.0,KYLTORNSVATTEN
B602,2026-09,0.0,KYLTORNSVATTEN
B602,2026-10,0.0,KYLTORNSVATTEN
B602,2026-11,0.0,KYLTORNSVATTEN
B602,2026-12,0.0,KYLTORNSVATTEN
B603,2026-01,0.0,KYLTORNSVATTEN
B603,2026-02,0.0,KYLTORNSVATTEN
B603,2026-03,0.0,KYLTORNSVATTEN
B603,2026-04,0.0,KYLTORNSVATTEN
B603,2026-05,0.0,KYLTORNSVATTEN
B603,2026-06,0.0,KYLTORNSVATTEN
B603,2026-07,0.0,KYLTORNSVATTEN
B603,2026-08,0.0,KYLTORNSVATTEN
B603,2026-09,0.0,KYLTORNSVATTEN
B603,2026-10,0.0,KYLTORNSVATTEN
B603,2026-11,0.0,KYLTORNSVATTEN
B603,2026-12,0.0,KYLTORNSVATTEN
B604,2026-01,0.0,KYLTORNSVATTEN
B611,2026-01,24161.0,KYLTORNSVATTEN
B611,2026-02,15831.0,KYLTORNSVATTEN
B611,2026-03,32714.0,KYLTORNSVATTEN
B611,2026-04,1383.0,KYLTORNSVATTEN
B611,2026-05,0.0,KYLTORNSVATTEN
B611,2026-06,0.0,KYLTORNSVATTEN
B611,2026-07,0.0,KYLTORNSVATTEN
B611,2026-08,0.0,KYLTORNSVATTEN
B611,2026-09,0.0,KYLTORNSVATTEN
B611,2026-10,0.0,KYLTORNSVATTEN
B611,2026-11,0.0,KYLTORNSVATTEN
B611,2026-12,0.0,KYLTORNSVATTEN
B612,2026-01,2144.0,KYLTORNSVATTEN
B612,2026-02,1606.0,KYLTORNSVATTEN
B612,2026-03,2807.0,KYLTORNSVATTEN
B612,2026-04,330.0,KYLTORNSVATTEN
B612,2026-05,0.0,KYLTORNSVATTEN
B612,2026-06,0.0,KYLTORNSVATTEN
B612,2026-07,0.0,KYLTORNSVATTEN
B612,2026-08,0.0,KYLTORNSVATTEN
B612,2026-09,0.0,KYLTORNSVATTEN
B612,2026-10,0.0,KYLTORNSVATTEN
B612,2026-11,0.0,KYLTORNSVATTEN
B612,2026-12,0.0,KYLTORNSVATTEN
B613,2026-01,0.0,KYLTORNSVATTEN
B613,2026-02,0.0,KYLTORNSVATTEN
B613,2026-03,0.0,KYLTORNSVATTEN
B613,2026-04,0.0,KYLTORNSVATTEN
B613,2026-05,0.0,KYLTORNSVATTEN
B613,2026-06,0.0,KYLTORNSVATTEN
B613,2026-07,0.0,KYLTORNSVATTEN
B613,2026-08,0.0,KYLTORNSVATTEN
B613,2026-09,0.0,KYLTORNSVATTEN
B613,2026-10,0.0,KYLTORNSVATTEN
B613,2026-11,0.0,KYLTORNSVATTEN
B613,2026-12,0.0,KYLTORNSVATTEN
B614,2026-01,0.0,KYLTORNSVATTEN
B614,2026-02,0.0,KYLTORNSVATTEN
B614,2026-03,0.0,KYLTORNSVATTEN
B614,2026-04,0.0,KYLTORNSVATTEN
B614,2026-05,0.0,KYLTORNSVATTEN
B614,2026-06,0.0,KYLTORNSVATTEN
B614,2026-07,0.0,KYLTORNSVATTEN
B614,2026-08,0.0,KYLTORNSVATTEN
B614,2026-09,0.0,KYLTORNSVATTEN
B614,2026-10,0.0,KYLTORNSVATTEN
B614,2026-11,0.0,KYLTORNSVATTEN
B614,2026-12,0.0,KYLTORNSVATTEN
B615,2026-01,0.0,KYLTORNSVATTEN
B615,2026-02,0.0,KYLTORNSVATTEN
B615,2026-03,0.0,KYLTORNSVATTEN
B615,2026-04,0.0,KYLTORNSVATTEN
B615,2026-05,0.0,KYLTORNSVATTEN
B615,2026-06,0.0,KYLTORNSVATTEN
B615,2026-07,0.0,KYLTORNSVATTEN
B615,2026-08,0.0,KYLTORNSVATTEN
B615,2026-09,0.0,KYLTORNSVATTEN
B615,2026-10,0.0,KYLTORNSVATTEN
B615,2026-11,0.0,KYLTORNSVATTEN
B615,2026-12,0.0,KYLTORNSVATTEN
B616,2026-01,0.0,KYLTORNSVATTEN
B616,2026-02,0.0,KYLTORNSVATTEN
B616,2026-03,0.0,KYLTORNSVATTEN
B616,2026-04,0.0,KYLTORNSVATTEN
B616,2026-05,0.0,KYLTORNSVATTEN
B616,2026-06,0.0,KYLTORNSVATTEN
B616,2026-07,0.0,KYLTORNSVATTEN
B616,2026-08,0.0,KYLTORNSVATTEN
B616,2026-09,0.0,KYLTORNSVATTEN
B616,2026-10,0.0,KYLTORNSVATTEN
B616,2026-11,0.0,KYLTORNSVATTEN
B616,2026-12,0.0,KYLTORNSVATTEN
B620,2026-01,0.0,KYLTORNSVATTEN
B620,2026-02,0.0,KYLTORNSVATTEN
B620,2026-03,0.0,KYLTORNSVATTEN
B620,2026-04,0.0,KYLTORNSVATTEN
B620,2026-05,0.0,KYLTORNSVATTEN
B620,2026-06,0.0,KYLTORNSVATTEN
B620,2026-07,0.0,KYLTORNSVATTEN
B620,2026-08,0.0,KYLTORNSVATTEN
B620,2026-09,0.0,KYLTORNSVATTEN
B620,2026-10,0.0,KYLTORNSVATTEN
B620,2026-11,0.0,KYLTORNSVATTEN
B620,2026-12,0.0,KYLTORNSVATTEN
B621,2026-01,0.0,KYLTORNSVATTEN
B621,2026-02,0.0,KYLTORNSVATTEN
B621,2026-03,0.0,KYLTORNSVATTEN
B621,2026-04,0.0,KYLTORNSVATTEN
B621,2026-05,0.0,KYLTORNSVATTEN
B621,2026-06,0.0,KYLTORNSVATTEN
B621,2026-07,0.0,KYLTORNSVATTEN
B621,2026-08,0.0,KYLTORNSVATTEN
B621,2026-09,0.0,KYLTORNSVATTEN
B621,2026-10,0.0,KYLTORNSVATTEN
B621,2026-11,0.0,KYLTORNSVATTEN
B621,2026-12,0.0,KYLTORNSVATTEN
B622,2026-01,0.0,KYLTORNSVATTEN
B622,2026-02,0.0,KYLTORNSVATTEN
B622,2026-03,0.0,KYLTORNSVATTEN
B622,2026-04,0.0,KYLTORNSVATTEN
B622,2026-05,0.0,KYLTORNSVATTEN
B622,2026-06,0.0,KYLTORNSVATTEN
B622,2026-07,0.0,KYLTORNSVATTEN
B622,2026-08,0.0,KYLTORNSVATTEN
B622,2026-09,0.0,KYLTORNSVATTEN
B622,2026-10,0.0,KYLTORNSVATTEN
B622,2026-11,0.0,KYLTORNSVATTEN
B622,2026-12,0.0,KYLTORNSVATTEN
B623,2026-01,0.0,KYLTORNSVATTEN
B623,2026-02,0.0,KYLTORNSVATTEN
B623,2026-03,0.0,KYLTORNSVATTEN
B623,2026-04,0.0,KYLTORNSVATTEN
B623,2026-05,0.0,KYLTORNSVATTEN
B623,2026-06,0.0,KYLTORNSVATTEN
B623,2026-07,0.0,KYLTORNSVATTEN
B623,2026-08,0.0,KYLTORNSVATTEN
B623,2026-09,0.0,KYLTORNSVATTEN
B623,2026-10,0.0,KYLTORNSVATTEN
B623,2026-11,0.0,KYLTORNSVATTEN
B623,2026-12,0.0,KYLTORNSVATTEN
B625,2026-01,3648.8589999999967,KYLTORNSVATTEN
B625,2026-02,3030.9379999999946,KYLTORNSVATTEN
B625,2026-03,6265.858999999997,KYLTORNSVATTEN
B625,2026-04,180.39100000000326,KYLTORNSVATTEN
B625,2026-05,0.0,KYLTORNSVATTEN
B625,2026-06,0.0,KYLTORNSVATTEN
B625,2026-07,0.0,KYLTORNSVATTEN
B625,2026-08,0.0,KYLTORNSVATTEN
B625,2026-09,0.0,KYLTORNSVATTEN
B625,2026-10,0.0,KYLTORNSVATTEN
B625,2026-11,0.0,KYLTORNSVATTEN
B625,2026-12,0.0,KYLTORNSVATTEN
B631,2026-01,0.0,KYLTORNSVATTEN
B631,2026-02,0.0,KYLTORNSVATTEN
B631,2026-03,0.0,KYLTORNSVATTEN
B631,2026-04,0.0,KYLTORNSVATTEN
B631,2026-05,0.0,KYLTORNSVATTEN
B631,2026-06,0.0,KYLTORNSVATTEN
B631,2026-07,0.0,KYLTORNSVATTEN
B631,2026-08,0.0,KYLTORNSVATTEN
B631,2026-09,0.0,KYLTORNSVATTEN
B631,2026-10,0.0,KYLTORNSVATTEN
B631,2026-11,0.0,KYLTORNSVATTEN
B631,2026-12,0.0,KYLTORNSVATTEN
B634,2026-01,0.0,KYLTORNSVATTEN
B634,2026-02,0.0,KYLTORNSVATTEN
B634,2026-03,0.0,KYLTORNSVATTEN
B634,2026-04,0.0,KYLTORNSVATTEN
B634,2026-05,0.0,KYLTORNSVATTEN
B634,2026-06,0.0,KYLTORNSVATTEN
B634,2026-07,0.0,KYLTORNSVATTEN
B634,2026-08,0.0,KYLTORNSVATTEN
B634,2026-09,0.0,KYLTORNSVATTEN
B634,2026-10,0.0,KYLTORNSVATTEN
B634,2026-11,0.0,KYLTORNSVATTEN
B634,2026-12,0.0,KYLTORNSVATTEN
B637,2026-01,0.0,KYLTORNSVATTEN
B637,2026-02,0.0,KYLTORNSVATTEN
B637,2026-03,0.0,KYLTORNSVATTEN
B637,2026-04,0.0,KYLTORNSVATTEN
B637,2026-05,0.0,KYLTORNSVATTEN
B637,2026-06,0.0,KYLTORNSVATTEN
B637,2026-07,0.0,KYLTORNSVATTEN
B637,2026-08,0.0,KYLTORNSVATTEN
B637,2026-09,0.0,KYLTORNSVATTEN
B637,2026-10,0.0,KYLTORNSVATTEN
B637,2026-11,0.0,KYLTORNSVATTEN
B637,2026-12,0.0,KYLTORNSVATTEN
B638,2026-01,0.0,KYLTORNSVATTEN
B638,2026-02,0.0,KYLTORNSVATTEN
B638,2026-03,0.0,KYLTORNSVATTEN
B638,2026-04,0.0,KYLTORNSVATTEN
B638,2026-05,0.0,KYLTORNSVATTEN
B638,2026-06,0.0,KYLTORNSVATTEN
B638,2026-07,0.0,KYLTORNSVATTEN
B638,2026-08,0.0,KYLTORNSVATTEN
B638,2026-09,0.0,KYLTORNSVATTEN
B638,2026-10,0.0,KYLTORNSVATTEN
B638,2026-11,0.0,KYLTORNSVATTEN
B638,2026-12,0.0,KYLTORNSVATTEN
B641,2026-01,0.0,KYLTORNSVATTEN
B641,2026-02,0.0,KYLTORNSVATTEN
B641,2026-03,0.0,KYLTORNSVATTEN
B641,2026-04,0.0,KYLTORNSVATTEN
B641,2026-05,0.0,KYLTORNSVATTEN
B641,2026-06,0.0,KYLTORNSVATTEN
B641,2026-07,0.0,KYLTORNSVATTEN
B641,2026-08,0.0,KYLTORNSVATTEN
B641,2026-09,0.0,KYLTORNSVATTEN
B641,2026-10,0.0,KYLTORNSVATTEN
B641,2026-11,0.0,KYLTORNSVATTEN
B641,2026-12,0.0,KYLTORNSVATTEN
B642,2026-01,0.0,KYLTORNSVATTEN
B642,2026-02,0.0,KYLTORNSVATTEN
B642,2026-03,0.0,KYLTORNSVATTEN
B642,2026-04,0.0,KYLTORNSVATTEN
B642,2026-05,0.0,KYLTORNSVATTEN
B642,2026-06,0.0,KYLTORNSVATTEN
B642,2026-07,0.0,KYLTORNSVATTEN
B642,2026-08,0.0,KYLTORNSVATTEN
B642,2026-09,0.0,KYLTORNSVATTEN
B642,2026-10,0.0,KYLTORNSVATTEN
B642,2026-11,0.0,KYLTORNSVATTEN
B642,2026-12,0.0,KYLTORNSVATTEN
B643,2026-01,0.0,KYLTORNSVATTEN
B643,2026-02,0.0,KYLTORNSVATTEN
B643,2026-03,0.0,KYLTORNSVATTEN
B643,2026-04,0.0,KYLTORNSVATTEN
B643,2026-05,0.0,KYLTORNSVATTEN
B643,2026-06,0.0,KYLTORNSVATTEN
B643,2026-07,0.0,KYLTORNSVATTEN
B643,2026-08,0.0,KYLTORNSVATTEN
B643,2026-09,0.0,KYLTORNSVATTEN
B643,2026-10,0.0,KYLTORNSVATTEN
B643,2026-11,0.0,KYLTORNSVATTEN
B643,2026-12,0.0,KYLTORNSVATTEN
B649,2026-01,0.0,KYLTORNSVATTEN
B649,2026-02,0.0,KYLTORNSVATTEN
B649,2026-03,0.0,KYLTORNSVATTEN
B649,2026-04,0.0,KYLTORNSVATTEN
B649,2026-05,0.0,KYLTORNSVATTEN
B649,2026-06,0.0,KYLTORNSVATTEN
B649,2026-07,0.0,KYLTORNSVATTEN
B649,2026-08,0.0,KYLTORNSVATTEN
B649,2026-09,0.0,KYLTORNSVATTEN
B649,2026-10,0.0,KYLTORNSVATTEN
B649,2026-11,0.0,KYLTORNSVATTEN
B649,2026-12,0.0,KYLTORNSVATTEN
B650,2026-01,0.0,KYLTORNSVATTEN
B650,2026-02,0.0,KYLTORNSVATTEN
B650,2026-03,0.0,KYLTORNSVATTEN
B650,2026-04,0.0,KYLTORNSVATTEN
B650,2026-05,0.0,KYLTORNSVATTEN
B650,2026-06,0.0,KYLTORNSVATTEN
B650,2026-07,0.0,KYLTORNSVATTEN
B650,2026-08,0.0,KYLTORNSVATTEN
B650,2026-09,0.0,KYLTORNSVATTEN
B650,2026-10,0.0,KYLTORNSVATTEN
B650,2026-11,0.0,KYLTORNSVATTEN
B650,2026-12,0.0,KYLTORNSVATTEN
B651,2026-01,0.0,KYLTORNSVATTEN
B651,2026-02,0.0,KYLTORNSVATTEN
B651,2026-03,0.0,KYLTORNSVATTEN
B651,2026-04,0.0,KYLTORNSVATTEN
B651,2026-05,0.0,KYLTORNSVATTEN
B651,2026-06,0.0,KYLTORNSVATTEN
B651,2026-07,0.0,KYLTORNSVATTEN
B651,2026-08,0.0,KYLTORNSVATTEN
B651,2026-09,0.0,KYLTORNSVATTEN
B651,2026-10,0.0,KYLTORNSVATTEN
B651,2026-11,0.0,KYLTORNSVATTEN
B651,2026-12,0.0,KYLTORNSVATTEN
B652,2026-01,0.0,KYLTORNSVATTEN
B652,2026-02,0.0,KYLTORNSVATTEN
B652,2026-03,0.0,KYLTORNSVATTEN
B652,2026-04,0.0,KYLTORNSVATTEN
B652,2026-05,0.0,KYLTORNSVATTEN
B652,2026-06,0.0,KYLTORNSVATTEN
B652,2026-07,0.0,KYLTORNSVATTEN
B652,2026-08,0.0,KYLTORNSVATTEN
B652,2026-09,0.0,KYLTORNSVATTEN
B652,2026-10,0.0,KYLTORNSVATTEN
B652,2026-11,0.0,KYLTORNSVATTEN
B652,2026-12,0.0,KYLTORNSVATTEN
B653,2026-01,0.0,KYLTORNSVATTEN
B653,2026-02,0.0,KYLTORNSVATTEN
B653,2026-03,0.0,KYLTORNSVATTEN
B653,2026-04,0.0,KYLTORNSVATTEN
B653,2026-05,0.0,KYLTORNSVATTEN
B653,2026-06,0.0,KYLTORNSVATTEN
B653,2026-07,0.0,KYLTORNSVATTEN
B653,2026-08,0.0,KYLTORNSVATTEN
B653,2026-09,0.0,KYLTORNSVATTEN
B653,2026-10,0.0,KYLTORNSVATTEN
B653,2026-11,0.0,KYLTORNSVATTEN
B653,2026-12,0.0,KYLTORNSVATTEN
B654,2026-01,0.0,KYLTORNSVATTEN
B655,2026-01,0.0,KYLTORNSVATTEN
B655,2026-02,0.0,KYLTORNSVATTEN
B655,2026-03,0.0,KYLTORNSVATTEN
B655,2026-04,0.0,KYLTORNSVATTEN
B655,2026-05,0.0,KYLTORNSVATTEN
B655,2026-06,0.0,KYLTORNSVATTEN
B655,2026-07,0.0,KYLTORNSVATTEN
B655,2026-08,0.0,KYLTORNSVATTEN
B655,2026-09,0.0,KYLTORNSVATTEN
B655,2026-10,0.0,KYLTORNSVATTEN
B655,2026-11,0.0,KYLTORNSVATTEN
B655,2026-12,0.0,KYLTORNSVATTEN
B656,2026-01,0.0,KYLTORNSVATTEN
B656,2026-02,0.0,KYLTORNSVATTEN
B656,2026-03,0.0,KYLTORNSVATTEN
B656,2026-04,0.0,KYLTORNSVATTEN
B656,2026-05,0.0,KYLTORNSVATTEN
B656,2026-06,0.0,KYLTORNSVATTEN
B656,2026-07,0.0,KYLTORNSVATTEN
B656,2026-08,0.0,KYLTORNSVATTEN
B656,2026-09,0.0,KYLTORNSVATTEN
B656,2026-10,0.0,KYLTORNSVATTEN
B656,2026-11,0.0,KYLTORNSVATTEN
B656,2026-12,0.0,KYLTORNSVATTEN
B658,2026-01,0.0,KYLTORNSVATTEN
B658,2026-02,0.0,KYLTORNSVATTEN
B658,2026-03,0.0,KYLTORNSVATTEN
B658,2026-04,0.0,KYLTORNSVATTEN
B658,2026-05,0.0,KYLTORNSVATTEN
B658,2026-06,0.0,KYLTORNSVATTEN
B658,2026-07,0.0,KYLTORNSVATTEN
B658,2026-08,0.0,KYLTORNSVATTEN
B658,2026-09,0.0,KYLTORNSVATTEN
B658,2026-10,0.0,KYLTORNSVATTEN
B658,2026-11,0.0,KYLTORNSVATTEN
B658,2026-12,0.0,KYLTORNSVATTEN
B659,2026-01,0.0,KYLTORNSVATTEN
B660,2026-01,0.0,KYLTORNSVATTEN
B660,2026-02,0.0,KYLTORNSVATTEN
B660,2026-03,0.0,KYLTORNSVATTEN
B660,2026-04,0.0,KYLTORNSVATTEN
B660,2026-05,0.0,KYLTORNSVATTEN
B660,2026-06,0.0,KYLTORNSVATTEN
B660,2026-07,0.0,KYLTORNSVATTEN
B660,2026-08,0.0,KYLTORNSVATTEN
B660,2026-09,0.0,KYLTORNSVATTEN
B660,2026-10,0.0,KYLTORNSVATTEN
B660,2026-11,0.0,KYLTORNSVATTEN
B660,2026-12,0.0,KYLTORNSVATTEN
B661,2026-01,0.0,KYLTORNSVATTEN
B662,2026-01,0.0,KYLTORNSVATTEN
B662,2026-02,0.0,KYLTORNSVATTEN
B662,2026-03,0.0,KYLTORNSVATTEN
B662,2026-04,0.0,KYLTORNSVATTEN
B662,2026-05,0.0,KYLTORNSVATTEN
B662,2026-06,0.0,KYLTORNSVATTEN
B662,2026-07,0.0,KYLTORNSVATTEN
B662,2026-08,0.0,KYLTORNSVATTEN
B662,2026-09,0.0,KYLTORNSVATTEN
B662,2026-10,0.0,KYLTORNSVATTEN
B662,2026-11,0.0,KYLTORNSVATTEN
B662,2026-12,0.0,KYLTORNSVATTEN
B663,2026-01,0.0,KYLTORNSVATTEN
B663,2026-02,0.0,KYLTORNSVATTEN
B663,2026-03,0.0,KYLTORNSVATTEN
B663,2026-04,0.0,KYLTORNSVATTEN
B663,2026-05,0.0,KYLTORNSVATTEN
B663,2026-06,0.0,KYLTORNSVATTEN
B663,2026-07,0.0,KYLTORNSVATTEN
B663,2026-08,0.0,KYLTORNSVATTEN
B663,2026-09,0.0,KYLTORNSVATTEN
B663,2026-10,0.0,KYLTORNSVATTEN
B663,2026-11,0.0,KYLTORNSVATTEN
B663,2026-12,0.0,KYLTORNSVATTEN
B664,2026-01,0.0,KYLTORNSVATTEN
B664,2026-02,0.0,KYLTORNSVATTEN
B664,2026-03,0.0,KYLTORNSVATTEN
B664,2026-04,0.0,KYLTORNSVATTEN
B664,2026-05,0.0,KYLTORNSVATTEN
B664,2026-06,0.0,KYLTORNSVATTEN
B664,2026-07,0.0,KYLTORNSVATTEN
B664,2026-08,0.0,KYLTORNSVATTEN
B664,2026-09,0.0,KYLTORNSVATTEN
B664,2026-10,0.0,KYLTORNSVATTEN
B664,2026-11,0.0,KYLTORNSVATTEN
B664,2026-12,0.0,KYLTORNSVATTEN
B665,2026-01,0.0,KYLTORNSVATTEN
B665,2026-02,0.0,KYLTORNSVATTEN
B665,2026-03,0.0,KYLTORNSVATTEN
B665,2026-04,0.0,KYLTORNSVATTEN
B665,2026-05,0.0,KYLTORNSVATTEN
B665,2026-06,0.0,KYLTORNSVATTEN
B665,2026-07,0.0,KYLTORNSVATTEN
B665,2026-08,0.0,KYLTORNSVATTEN
B665,2026-09,0.0,KYLTORNSVATTEN
B665,2026-10,0.0,KYLTORNSVATTEN
B665,2026-11,0.0,KYLTORNSVATTEN
B665,2026-12,0.0,KYLTORNSVATTEN
B674,2026-01,0.0,KYLTORNSVATTEN
B674,2026-02,0.0,KYLTORNSVATTEN
B674,2026-03,0.0,KYLTORNSVATTEN
B674,2026-04,0.0,KYLTORNSVATTEN
B674,2026-05,0.0,KYLTORNSVATTEN
B674,2026-06,0.0,KYLTORNSVATTEN
B674,2026-07,0.0,KYLTORNSVATTEN
B674,2026-08,0.0,KYLTORNSVATTEN
B674,2026-09,0.0,KYLTORNSVATTEN
B674,2026-10,0.0,KYLTORNSVATTEN
B674,2026-11,0.0,KYLTORNSVATTEN
B674,2026-12,0.0,KYLTORNSVATTEN
B682,2026-01,0.0,KYLTORNSVATTEN
B682,2026-02,0.0,KYLTORNSVATTEN
B682,2026-03,0.0,KYLTORNSVATTEN
B682,2026-04,0.0,KYLTORNSVATTEN
B682,2026-05,0.0,KYLTORNSVATTEN
B682,2026-06,0.0,KYLTORNSVATTEN
B682,2026-07,0.0,KYLTORNSVATTEN
B682,2026-08,0.0,KYLTORNSVATTEN
B682,2026-09,0.0,KYLTORNSVATTEN
B682,2026-10,0.0,KYLTORNSVATTEN
B682,2026-11,0.0,KYLTORNSVATTEN
B682,2026-12,0.0,KYLTORNSVATTEN
B821,2026-01,0.0,KYLTORNSVATTEN
B821,2026-02,0.0,KYLTORNSVATTEN
B821,2026-03,0.0,KYLTORNSVATTEN
B821,2026-04,0.0,KYLTORNSVATTEN
B821,2026-05,0.0,KYLTORNSVATTEN
B821,2026-06,0.0,KYLTORNSVATTEN
B821,2026-07,0.0,KYLTORNSVATTEN
B821,2026-08,0.0,KYLTORNSVATTEN
B821,2026-09,0.0,KYLTORNSVATTEN
B821,2026-10,0.0,KYLTORNSVATTEN
B821,2026-11,0.0,KYLTORNSVATTEN
B821,2026-12,0.0,KYLTORNSVATTEN
B833,2026-01,0.0,KYLTORNSVATTEN
B833,2026-02,0.0,KYLTORNSVATTEN
B833,2026-03,0.0,KYLTORNSVATTEN
B833,2026-04,0.0,KYLTORNSVATTEN
B833,2026-05,0.0,KYLTORNSVATTEN
B833,2026-06,0.0,KYLTORNSVATTEN
B833,2026-07,0.0,KYLTORNSVATTEN
B833,2026-08,0.0,KYLTORNSVATTEN
B833,2026-09,0.0,KYLTORNSVATTEN
B833,2026-10,0.0,KYLTORNSVATTEN
B833,2026-11,0.0,KYLTORNSVATTEN
B833,2026-12,0.0,KYLTORNSVATTEN
B834,2026-01,0.0,KYLTORNSVATTEN
B834,2026-02,0.0,KYLTORNSVATTEN
B834,2026-03,0.0,KYLTORNSVATTEN
B834,2026-04,0.0,KYLTORNSVATTEN
B834,2026-05,0.0,KYLTORNSVATTEN
B834,2026-06,0.0,KYLTORNSVATTEN
B834,2026-07,0.0,KYLTORNSVATTEN
B834,2026-08,0.0,KYLTORNSVATTEN
B834,2026-09,0.0,KYLTORNSVATTEN
B834,2026-10,0.0,KYLTORNSVATTEN
B834,2026-11,0.0,KYLTORNSVATTEN
B834,2026-12,0.0,KYLTORNSVATTEN
B841,2026-01,0.0,KYLTORNSVATTEN
B841,2026-02,0.0,KYLTORNSVATTEN
B841,2026-03,0.0,KYLTORNSVATTEN
B841,2026-04,0.0,KYLTORNSVATTEN
B841,2026-05,0.0,KYLTORNSVATTEN
B841,2026-06,0.0,KYLTORNSVATTEN
B841,2026-07,0.0,KYLTORNSVATTEN
B841,2026-08,0.0,KYLTORNSVATTEN
B841,2026-09,0.0,KYLTORNSVATTEN
B841,2026-10,0.0,KYLTORNSVATTEN
B841,2026-11,0.0,KYLTORNSVATTEN
B841,2026-12,0.0,KYLTORNSVATTEN
B842,2026-01,0.0,KYLTORNSVATTEN
B842,2026-02,0.0,KYLTORNSVATTEN
B842,2026-03,0.0,KYLTORNSVATTEN
B842,2026-04,0.0,KYLTORNSVATTEN
B842,2026-05,0.0,KYLTORNSVATTEN
B842,2026-06,0.0,KYLTORNSVATTEN
B842,2026-07,0.0,KYLTORNSVATTEN
B842,2026-08,0.0,KYLTORNSVATTEN
B842,2026-09,0.0,KYLTORNSVATTEN
B842,2026-10,0.0,KYLTORNSVATTEN
B842,2026-11,0.0,KYLTORNSVATTEN
B842,2026-12,0.0,KYLTORNSVATTEN
B850,2026-01,0.0,KYLTORNSVATTEN
B850,2026-02,0.0,KYLTORNSVATTEN
B850,2026-03,0.0,KYLTORNSVATTEN
B850,2026-04,0.0,KYLTORNSVATTEN
B850,2026-05,0.0,KYLTORNSVATTEN
B850,2026-06,0.0,KYLTORNSVATTEN
B850,2026-07,0.0,KYLTORNSVATTEN
B850,2026-08,0.0,KYLTORNSVATTEN
B850,2026-09,0.0,KYLTORNSVATTEN
B850,2026-10,0.0,KYLTORNSVATTEN
B850,2026-11,0.0,KYLTORNSVATTEN
B850,2026-12,0.0,KYLTORNSVATTEN
B869,2026-01,0.0,KYLTORNSVATTEN
B869,2026-02,0.0,KYLTORNSVATTEN
B869,2026-03,0.0,KYLTORNSVATTEN
B869,2026-04,0.0,KYLTORNSVATTEN
B869,2026-05,0.0,KYLTORNSVATTEN
B869,2026-06,0.0,KYLTORNSVATTEN
B869,2026-07,0.0,KYLTORNSVATTEN
B869,2026-08,0.0,KYLTORNSVATTEN
B869,2026-09,0.0,KYLTORNSVATTEN
B869,2026-10,0.0,KYLTORNSVATTEN
B869,2026-11,0.0,KYLTORNSVATTEN
B869,2026-12,0.0,KYLTORNSVATTEN
B921,2026-01,0.0,KYLTORNSVATTEN
B921,2026-02,0.0,KYLTORNSVATTEN
B921,2026-03,0.0,KYLTORNSVATTEN
B921,2026-04,0.0,KYLTORNSVATTEN
B921,2026-05,0.0,KYLTORNSVATTEN
B921,2026-06,0.0,KYLTORNSVATTEN
B921,2026-07,0.0,KYLTORNSVATTEN
B921,2026-08,0.0,KYLTORNSVATTEN
B921,2026-09,0.0,KYLTORNSVATTEN
B921,2026-10,0.0,KYLTORNSVATTEN
B921,2026-11,0.0,KYLTORNSVATTEN
B921,2026-12,0.0,KYLTORNSVATTEN
B602,2026-01,0.0,VARME
B602,2026-02,0.0,VARME
B602,2026-03,0.0,VARME
B602,2026-04,0.0,VARME
B602,2026-05,0.0,VARME
B602,2026-06,0.0,VARME
B602,2026-07,0.0,VARME
B602,2026-08,0.0,VARME
B602,2026-09,0.0,VARME
B602,2026-10,0.0,VARME
B602,2026-11,0.0,VARME
B602,2026-12,0.0,VARME
B603,2026-01,0.0,VARME
B603,2026-02,0.0,VARME
B603,2026-03,0.0,VARME
B603,2026-04,0.0,VARME
B603,2026-05,0.0,VARME
B603,2026-06,0.0,VARME
B603,2026-07,0.0,VARME
B603,2026-08,0.0,VARME
B603,2026-09,0.0,VARME
B603,2026-10,0.0,VARME
B603,2026-11,0.0,VARME
B603,2026-12,0.0,VARME
B604,2026-01,0.0,VARME
B604,2026-02,0.0,VARME
B604,2026-03,0.0,VARME
B604,2026-04,0.0,VARME
B604,2026-05,0.0,VARME
B604,2026-06,0.0,VARME
B604,2026-07,0.0,VARME
B604,2026-08,0.0,VARME
B604,2026-09,0.0,VARME
B604,2026-10,0.0,VARME
B604,2026-11,0.0,VARME
B604,2026-12,0.0,VARME
B611,2026-01,830.61474,VARME
B611,2026-02,951.5930399999995,VARME
B611,2026-03,579.1830200000003,VARME
B611,2026-04,15.239140000000248,VARME
B611,2026-05,0.0,VARME
B611,2026-06,0.0,VARME
B611,2026-07,0.0,VARME
B611,2026-08,0.0,VARME
B611,2026-09,0.0,VARME
B611,2026-10,0.0,VARME
B611,2026-11,0.0,VARME
B611,2026-12,0.0,VARME
B612,2026-01,144.78919999999948,VARME
B612,2026-02,252.51999999999998,VARME
B612,2026-03,104.31659999999977,VARME
B612,2026-04,1.937599999999577,VARME
B612,2026-05,0.0,VARME
B612,2026-06,0.0,VARME
B612,2026-07,0.0,VARME
B612,2026-08,0.0,VARME
B612,2026-09,0.0,VARME
B612,2026-10,0.0,VARME
B612,2026-11,0.0,VARME
B612,2026-12,0.0,VARME
B613,2026-01,59.00714999999994,VARME
B613,2026-02,62.49007000000023,VARME
B613,2026-03,43.478929999999764,VARME
B613,2026-04,1.0809000000003266,VARME
B613,2026-05,0.0,VARME
B613,2026-06,0.0,VARME
B613,2026-07,0.0,VARME
B613,2026-08,0.0,VARME
B613,2026-09,0.0,VARME
B613,2026-10,0.0,VARME
B613,2026-11,0.0,VARME
B613,2026-12,0.0,VARME
B614,2026-01,267.543046,VARME
B614,2026-02,408.4639930000001,VARME
B614,2026-03,500.62597000000005,VARME
B614,2026-04,17.967041999999537,VARME
B614,2026-05,0.0,VARME
B614,2026-06,0.0,VARME
B614,2026-07,0.0,VARME
B614,2026-08,0.0,VARME
B614,2026-09,0.0,VARME
B614,2026-10,0.0,VARME
B614,2026-11,0.0,VARME
B614,2026-12,0.0,VARME
B615,2026-01,29.38995399999999,VARME
B615,2026-02,29.820007000000032,VARME
B615,2026-03,20.030029999999897,VARME
B615,2026-04,0.5199580000000878,VARME
B615,2026-05,0.0,VARME
B615,2026-06,0.0,VARME
B615,2026-07,0.0,VARME
B615,2026-08,0.0,VARME
B615,2026-09,0.0,VARME
B615,2026-10,0.0,VARME
B615,2026-11,0.0,VARME
B615,2026-12,0.0,VARME
B616,2026-01,601.6789999999999,VARME
B616,2026-02,605.2,VARME
B616,2026-03,303.50899999999956,VARME
B616,2026-04,9.351000000000624,VARME
B616,2026-05,0.0,VARME
B616,2026-06,0.0,VARME
B616,2026-07,0.0,VARME
B616,2026-08,0.0,VARME
B616,2026-09,0.0,VARME
B616,2026-10,0.0,VARME
B616,2026-11,0.0,VARME
B616,2026-12,0.0,VARME
B620,2026-01,0.0,VARME
B620,2026-02,0.0,VARME
B620,2026-03,0.0,VARME
B620,2026-04,0.0,VARME
B620,2026-05,0.0,VARME
B620,2026-06,0.0,VARME
B620,2026-07,0.0,VARME
B620,2026-08,0.0,VARME
B620,2026-09,0.0,VARME
B620,2026-10,0.0,VARME
B620,2026-11,0.0,VARME
B620,2026-12,0.0,VARME
B621,2026-01,779.6659750000001,VARME
B621,2026-02,834.4380629999996,VARME
B621,2026-03,478.1529950000004,VARME
B621,2026-04,13.087995999998952,VARME
B621,2026-05,0.0,VARME
B621,2026-06,0.0,VARME
B621,2026-07,0.0,VARME
B621,2026-08,0.0,VARME
B621,2026-09,0.0,VARME
B621,2026-10,0.0,VARME
B621,2026-11,0.0,VARME
B621,2026-12,0.0,VARME
B622,2026-01,52.01007200000004,VARME
B622,2026-02,54.239923999999974,VARME
B622,2026-03,34.17999800000007,VARME
B622,2026-04,1.0499289999999064,VARME
B622,2026-05,0.0,VARME
B622,2026-06,0.0,VARME
B622,2026-07,0.0,VARME
B622,2026-08,0.0,VARME
B622,2026-09,0.0,VARME
B622,2026-10,0.0,VARME
B622,2026-11,0.0,VARME
B622,2026-12,0.0,VARME
B623,2026-01,22.440002999999933,VARME
B623,2026-02,22.659973000000036,VARME
B623,2026-03,14.340026999999964,VARME
B623,2026-04,0.36999500000001717,VARME
B623,2026-05,0.0,VARME
B623,2026-06,0.0,VARME
B623,2026-07,0.0,VARME
B623,2026-08,0.0,VARME
B623,2026-09,0.0,VARME
B623,2026-10,0.0,VARME
B623,2026-11,0.0,VARME
B623,2026-12,0.0,VARME
B625,2026-01,318.89800000000014,VARME
B625,2026-02,326.0279999999999,VARME
B625,2026-03,239.78399999999988,VARME
B625,2026-04,5.09800000000007,VARME
B625,2026-05,0.0,VARME
B625,2026-06,0.0,VARME
B625,2026-07,0.0,VARME
B625,2026-08,0.0,VARME
B625,2026-09,0.0,VARME
B625,2026-10,0.0,VARME
B625,2026-11,0.0,VARME
B625,2026-12,0.0,VARME
B631,2026-01,155.34305999999992,VARME
B631,2026-02,156.61093000000017,VARME
B631,2026-03,93.3520299999999,VARME
B631,2026-04,2.3520399999998745,VARME
B631,2026-05,0.0,VARME
B631,2026-06,0.0,VARME
B631,2026-07,0.0,VARME
B631,2026-08,0.0,VARME
B631,2026-09,0.0,VARME
B631,2026-10,0.0,VARME
B631,2026-11,0.0,VARME
B631,2026-12,0.0,VARME
B634,2026-01,118.274,VARME
B634,2026-02,133.837,VARME
B634,2026-03,61.55200000000002,VARME
B634,2026-04,1.802000000000021,VARME
B634,2026-05,0.0,VARME
B634,2026-06,0.0,VARME
B634,2026-07,0.0,VARME
B634,2026-08,0.0,VARME
B634,2026-09,0.0,VARME
B634,2026-10,0.0,VARME
B634,2026-11,0.0,VARME
B634,2026-12,0.0,VARME
B637,2026-01,53.13799999999989,VARME
B637,2026-02,55.51600000000019,VARME
B637,2026-03,39.303999999999945,VARME
B637,2026-04,0.7479999999999905,VARME
B637,2026-05,0.0,VARME
B637,2026-06,0.0,VARME
B637,2026-07,0.0,VARME
B637,2026-08,0.0,VARME
B637,2026-09,0.0,VARME
B637,2026-10,0.0,VARME
B637,2026-11,0.0,VARME
B637,2026-12,0.0,VARME
B638,2026-01,25.126000000000005,VARME
B638,2026-02,25.293999999999983,VARME
B638,2026-03,15.631,VARME
B638,2026-04,0.29000000000002046,VARME
B638,2026-05,0.0,VARME
B638,2026-06,0.0,VARME
B638,2026-07,0.0,VARME
B638,2026-08,0.0,VARME
B638,2026-09,0.0,VARME
B638,2026-10,0.0,VARME
B638,2026-11,0.0,VARME
B638,2026-12,0.0,VARME
B641,2026-01,118.64599999999996,VARME
B641,2026-02,122.082,VARME
B641,2026-03,75.98199999999997,VARME
B641,2026-04,1.6380000000001473,VARME
B641,2026-05,0.0,VARME
B641,2026-06,0.0,VARME
B641,2026-07,0.0,VARME
B641,2026-08,0.0,VARME
B641,2026-09,0.0,VARME
B641,2026-10,0.0,VARME
B641,2026-11,0.0,VARME
B641,2026-12,0.0,VARME
B642,2026-01,438.6260000000002,VARME
B642,2026-02,439.07299999999987,VARME
B642,2026-03,280.0450000000001,VARME
B642,2026-04,7.472000000000207,VARME
B642,2026-05,0.0,VARME
B642,2026-06,0.0,VARME
B642,2026-07,0.0,VARME
B642,2026-08,0.0,VARME
B642,2026-09,0.0,VARME
B642,2026-10,0.0,VARME
B642,2026-11,0.0,VARME
B642,2026-12,0.0,VARME
B643,2026-01,361.548,VARME
B643,2026-02,364.5119999999998,VARME
B643,2026-03,216.39900000000006,VARME
B643,2026-04,5.304999999999893,VARME
B643,2026-05,0.0,VARME
B643,2026-06,0.0,VARME
B643,2026-07,0.0,VARME
B643,2026-08,0.0,VARME
B643,2026-09,0.0,VARME
B643,2026-10,0.0,VARME
B643,2026-11,0.0,VARME
B643,2026-12,0.0,VARME
B649,2026-01,0.0,VARME
B649,2026-02,0.0,VARME
B649,2026-03,0.0,VARME
B649,2026-04,0.0,VARME
B649,2026-05,0.0,VARME
B649,2026-06,0.0,VARME
B649,2026-07,0.0,VARME
B649,2026-08,0.0,VARME
B649,2026-09,0.0,VARME
B649,2026-10,0.0,VARME
B649,2026-11,0.0,VARME
B649,2026-12,0.0,VARME
B650,2026-01,252.166,VARME
B650,2026-02,208.5330000000002,VARME
B650,2026-03,227.4849999999999,VARME
B650,2026-04,6.954000000000008,VARME
B650,2026-05,0.0,VARME
B650,2026-06,0.0,VARME
B650,2026-07,0.0,VARME
B650,2026-08,0.0,VARME
B650,2026-09,0.0,VARME
B650,2026-10,0.0,VARME
B650,2026-11,0.0,VARME
B650,2026-12,0.0,VARME
B651,2026-01,0.0,VARME
B651,2026-02,0.0,VARME
B651,2026-03,0.0,VARME
B651,2026-04,0.0,VARME
B651,2026-05,0.0,VARME
B651,2026-06,0.0,VARME
B651,2026-07,0.0,VARME
B651,2026-08,0.0,VARME
B651,2026-09,0.0,VARME
B651,2026-10,0.0,VARME
B651,2026-11,0.0,VARME
B651,2026-12,0.0,VARME
B652,2026-01,11.8799973,VARME
B652,2026-02,11.660003700000004,VARME
B652,2026-03,8.099998599999992,VARME
B652,2026-04,0.20999900000001048,VARME
B652,2026-05,0.0,VARME
B652,2026-06,0.0,VARME
B652,2026-07,0.0,VARME
B652,2026-08,0.0,VARME
B652,2026-09,0.0,VARME
B652,2026-10,0.0,VARME
B652,2026-11,0.0,VARME
B652,2026-12,0.0,VARME
B653,2026-01,0.0,VARME
B653,2026-02,0.0,VARME
B653,2026-03,0.0,VARME
B653,2026-04,0.0,VARME
B653,2026-05,0.0,VARME
B653,2026-06,0.0,VARME
B653,2026-07,0.0,VARME
B653,2026-08,0.0,VARME
B653,2026-09,0.0,VARME
B653,2026-10,0.0,VARME
B653,2026-11,0.0,VARME
B653,2026-12,0.0,VARME
B654,2026-01,436.25,VARME
B654,2026-02,412.58000000000015,VARME
B654,2026-03,258.5799999999999,VARME
B654,2026-04,5.679999999999836,VARME
B654,2026-05,0.0,VARME
B654,2026-06,0.0,VARME
B654,2026-07,0.0,VARME
B654,2026-08,0.0,VARME
B654,2026-09,0.0,VARME
B654,2026-10,0.0,VARME
B654,2026-11,0.0,VARME
B654,2026-12,0.0,VARME
B655,2026-01,49.96800000000002,VARME
B655,2026-02,51.91500000000002,VARME
B655,2026-03,42.43799999999999,VARME
B655,2026-04,1.0709999999999695,VARME
B655,2026-05,0.0,VARME
B655,2026-06,0.0,VARME
B655,2026-07,0.0,VARME
B655,2026-08,0.0,VARME
B655,2026-09,0.0,VARME
B655,2026-10,0.0,VARME
B655,2026-11,0.0,VARME
B655,2026-12,0.0,VARME
B656,2026-01,0.0,VARME
B656,2026-02,0.0,VARME
B656,2026-03,0.0,VARME
B656,2026-04,0.0,VARME
B656,2026-05,0.0,VARME
B656,2026-06,0.0,VARME
B656,2026-07,0.0,VARME
B656,2026-08,0.0,VARME
B656,2026-09,0.0,VARME
B656,2026-10,0.0,VARME
B656,2026-11,0.0,VARME
B656,2026-12,0.0,VARME
B658,2026-01,14.274000000000115,VARME
B658,2026-02,0.0,VARME
B658,2026-03,0.0,VARME
B658,2026-04,0.0,VARME
B658,2026-05,0.0,VARME
B658,2026-06,0.0,VARME
B658,2026-07,0.0,VARME
B658,2026-08,0.0,VARME
B658,2026-09,0.0,VARME
B658,2026-10,0.0,VARME
B658,2026-11,0.0,VARME
B658,2026-12,0.0,VARME
B659,2026-01,0.0,VARME
B659,2026-02,0.0,VARME
B659,2026-03,0.0,VARME
B659,2026-04,0.0,VARME
B659,2026-05,0.0,VARME
B659,2026-06,0.0,VARME
B659,2026-07,0.0,VARME
B659,2026-08,0.0,VARME
B659,2026-09,0.0,VARME
B659,2026-10,0.0,VARME
B659,2026-11,0.0,VARME
B659,2026-12,0.0,VARME
B660,2026-01,0.0,VARME
B660,2026-02,0.0,VARME
B660,2026-03,0.0,VARME
B660,2026-04,0.0,VARME
B660,2026-05,0.0,VARME
B660,2026-06,0.0,VARME
B660,2026-07,0.0,VARME
B660,2026-08,0.0,VARME
B660,2026-09,0.0,VARME
B660,2026-10,0.0,VARME
B660,2026-11,0.0,VARME
B660,2026-12,0.0,VARME
B661,2026-01,74.51100000000002,VARME
B661,2026-02,73.82099999999997,VARME
B661,2026-03,40.269000000000005,VARME
B661,2026-04,1.0440000000000396,VARME
B661,2026-05,0.0,VARME
B661,2026-06,0.0,VARME
B661,2026-07,0.0,VARME
B661,2026-08,0.0,VARME
B661,2026-09,0.0,VARME
B661,2026-10,0.0,VARME
B661,2026-11,0.0,VARME
B661,2026-12,0.0,VARME
B662,2026-01,0.0,VARME
B662,2026-02,0.0,VARME
B662,2026-03,0.0,VARME
B662,2026-04,0.0,VARME
B662,2026-05,0.0,VARME
B662,2026-06,0.0,VARME
B662,2026-07,0.0,VARME
B662,2026-08,0.0,VARME
B662,2026-09,0.0,VARME
B662,2026-10,0.0,VARME
B662,2026-11,0.0,VARME
B662,2026-12,0.0,VARME
B663,2026-01,0.0,VARME
B663,2026-02,0.0,VARME
B663,2026-03,0.0,VARME
B663,2026-04,0.0,VARME
B663,2026-05,0.0,VARME
B663,2026-06,0.0,VARME
B663,2026-07,0.0,VARME
B663,2026-08,0.0,VARME
B663,2026-09,0.0,VARME
B663,2026-10,0.0,VARME
B663,2026-11,0.0,VARME
B663,2026-12,0.0,VARME
B664,2026-01,0.0,VARME
B664,2026-02,0.0,VARME
B664,2026-03,0.0,VARME
B664,2026-04,0.0,VARME
B664,2026-05,0.0,VARME
B664,2026-06,0.0,VARME
B664,2026-07,0.0,VARME
B664,2026-08,0.0,VARME
B664,2026-09,0.0,VARME
B664,2026-10,0.0,VARME
B664,2026-11,0.0,VARME
B664,2026-12,0.0,VARME
B665,2026-01,0.0,VARME
B665,2026-02,0.0,VARME
B665,2026-03,0.0,VARME
B665,2026-04,0.0,VARME
B665,2026-05,0.0,VARME
B665,2026-06,0.0,VARME
B665,2026-07,0.0,VARME
B665,2026-08,0.0,VARME
B665,2026-09,0.0,VARME
B665,2026-10,0.0,VARME
B665,2026-11,0.0,VARME
B665,2026-12,0.0,VARME
B674,2026-01,135.594,VARME
B674,2026-02,151.562,VARME
B674,2026-03,95.14999999999992,VARME
B674,2026-04,2.2740000000001146,VARME
B674,2026-05,0.0,VARME
B674,2026-06,0.0,VARME
B674,2026-07,0.0,VARME
B674,2026-08,0.0,VARME
B674,2026-09,0.0,VARME
B674,2026-10,0.0,VARME
B674,2026-11,0.0,VARME
B674,2026-12,0.0,VARME
B682,2026-01,0.0,VARME
B682,2026-02,0.0,VARME
B682,2026-03,0.0,VARME
B682,2026-04,0.0,VARME
B682,2026-05,0.0,VARME
B682,2026-06,0.0,VARME
B682,2026-07,0.0,VARME
B682,2026-08,0.0,VARME
B682,2026-09,0.0,VARME
B682,2026-10,0.0,VARME
B682,2026-11,0.0,VARME
B682,2026-12,0.0,VARME
B821,2026-01,79.19599999999997,VARME
B821,2026-02,80.95100000000002,VARME
B821,2026-03,48.34000000000003,VARME
B821,2026-04,1.384999999999991,VARME
B821,2026-05,0.0,VARME
B821,2026-06,0.0,VARME
B821,2026-07,0.0,VARME
B821,2026-08,0.0,VARME
B821,2026-09,0.0,VARME
B821,2026-10,0.0,VARME
B821,2026-11,0.0,VARME
B821,2026-12,0.0,VARME
B833,2026-01,321.33299999999963,VARME
B833,2026-02,135.08700000000036,VARME
B833,2026-03,117.12499999999977,VARME
B833,2026-04,3.244000000000014,VARME
B833,2026-05,0.0,VARME
B833,2026-06,0.0,VARME
B833,2026-07,0.0,VARME
B833,2026-08,0.0,VARME
B833,2026-09,0.0,VARME
B833,2026-10,0.0,VARME
B833,2026-11,0.0,VARME
B833,2026-12,0.0,VARME
B834,2026-01,70.707,VARME
B834,2026-02,79.63499999999999,VARME
B834,2026-03,64.26400000000001,VARME
B834,2026-04,1.2980000000000018,VARME
B834,2026-05,0.0,VARME
B834,2026-06,0.0,VARME
B834,2026-07,0.0,VARME
B834,2026-08,0.0,VARME
B834,2026-09,0.0,VARME
B834,2026-10,0.0,VARME
B834,2026-11,0.0,VARME
B834,2026-12,0.0,VARME
B841,2026-01,18.457,VARME
B841,2026-02,25.688999999999993,VARME
B841,2026-03,6.606000000000009,VARME
B841,2026-04,0.1629999999999967,VARME
B841,2026-05,0.0,VARME
B841,2026-06,0.0,VARME
B841,2026-07,0.0,VARME
B841,2026-08,0.0,VARME
B841,2026-09,0.0,VARME
B841,2026-10,0.0,VARME
B841,2026-11,0.0,VARME
B841,2026-12,0.0,VARME
B842,2026-01,0.0,VARME
B842,2026-02,0.0,VARME
B842,2026-03,0.0,VARME
B842,2026-04,0.0,VARME
B842,2026-05,0.0,VARME
B842,2026-06,0.0,VARME
B842,2026-07,0.0,VARME
B842,2026-08,0.0,VARME
B842,2026-09,0.0,VARME
B842,2026-10,0.0,VARME
B842,2026-11,0.0,VARME
B842,2026-12,0.0,VARME
B850,2026-01,0.0,VARME
B850,2026-02,0.0,VARME
B850,2026-03,0.0,VARME
B850,2026-04,0.0,VARME
B850,2026-05,0.0,VARME
B850,2026-06,0.0,VARME
B850,2026-07,0.0,VARME
B850,2026-08,0.0,VARME
B850,2026-09,0.0,VARME
B850,2026-10,0.0,VARME
B850,2026-11,0.0,VARME
B850,2026-12,0.0,VARME
B869,2026-01,0.0,VARME
B869,2026-02,0.0,VARME
B869,2026-03,0.0,VARME
B869,2026-04,0.0,VARME
B869,2026-05,0.0,VARME
B869,2026-06,0.0,VARME
B869,2026-07,0.0,VARME
B869,2026-08,0.0,VARME
B869,2026-09,0.0,VARME
B869,2026-10,0.0,VARME
B869,2026-11,0.0,VARME
B869,2026-12,0.0,VARME
B921,2026-01,233.66999999999985,VARME
B921,2026-02,265.116,VARME
B921,2026-03,150.88200000000006,VARME
B921,2026-04,4.7020000000002256,VARME
B921,2026-05,0.0,VARME
B921,2026-06,0.0,VARME
B921,2026-07,0.0,VARME
B921,2026-08,0.0,VARME
B921,2026-09,0.0,VARME
B921,2026-10,0.0,VARME
B921,2026-11,0.0,VARME
B921,2026-12,0.0,VARME
B600,2026-01,0.0,VARME
B600,2026-02,0.0,VARME
B600,2026-03,0.0,VARME
B600,2026-04,0.0,VARME
B600,2026-05,0.0,VARME
B600,2026-06,0.0,VARME
B600,2026-07,0.0,VARME
B600,2026-08,0.0,VARME
B600,2026-09,0.0,VARME
B600,2026-10,0.0,VARME
B600,2026-11,0.0,VARME
B600,2026-12,0.0,VARME
